index,Source,Target,Source_repo,Target_repo,same_dev,relation_type,Globl labels,description
0,433411,437217,tempest,devstack,True,Depends-On,Unknown,Adding a control statement when setting up OpSt cloud environment while implementing its tests cases in devstack (testing framework for openstack)
1,270356,270388,diskimage-builder,python-neutronclient,True,Change-Id,Remove library,"Remove an external library (argparse), no longer needed, from the two projects from requirements.txt"
2,544025,563173,heat-tempest-plugin,requirements,True,Needed-By,Upgrade library,Upgrade a library (gabbi from 1.42.0 to 1.42.1) in requirement.txt to be able to list test when even the user is not authenticated
3,403714,493747,openstack-ansible-os_rally,openstack-ansible-os_swift,False,Related-Bug,Add configuration,Add a job configuration to remove python-2.7 from env  in both projects
4,121296,124935,ironic,pycadf,False,Change-Id,Remove library,Fixing a bug by removing an extension decalaration which lead to failures when building external links to other projects' documentation
5,239760,250501,fuel-nailgun-agent,fuel-agent,False,Related-Bug,Unknown,Unknown
6,815204,817834,tripleo-ansible,tripleo-heat-templates,False,Related-Bug,Code enhancement,Fixing an issue by removing hard-coded network names in both projects 
7,535608,538549,glance,requirements,False,Depends-On,Upgrade library,"Upgrade the versions of two libraries (i.e., oslo.versionedobjects and iso8601) to accomodate with tz (aka., timezone) change pattern."
8,254280,288392,python-neutronclient,neutron,False,Depends-On,New features,Expose API resources and implement their tests in the other projects
9,487112,487177,releases,requirements,False,Depends-On,Initial library release,Initial release of a new library (os-service-types) into the OpenStack ecosystem (releases and requirements repos changed)
10,403712,493743,openstack-ansible-os_ironic,openstack-ansible-os_horizon,False,Related-Bug,Add configuration,Add a job configuration to remove python-2.7 from env  in both projects
11,577656,578195,kuryr-kubernetes,kuryr-tempest-plugin,False,Depends-On,Unknown,Unknown
12,475040,476865,openstack-ansible-os_keystone,openstack-ansible-tests,True,Depends-On,Move resources,"Moving a file (i.e., test-install-haproxy.yml) between the two projects + enhance deployments"
13,579208,579597,openstack-ansible-tests,openstack-ansible-os_panko,False,Depends-On,Code enhancement,"Group common test-requirement.text content in the test repo (""openstack-ansible-tests"") to minimize review requirement rate as well as simlifying maintenance. Use tox config to capture it."
14,564378,794957,tripleo-heat-templates,neutron,False,Related-Bug,Code enhancement,"Fixing a bug where the same tests were applied to all branches. Hence,  they (developers) adopted definitions (i.e., segment api definition) which was introduced in the newer version (""1.19.0"") of neutron."
15,523881,523882,python-designateclient,project-config,True,Depends-On,Move resources,Move features (designate jobs) between repos
16,270394,270403,python-watcherclient,heat-cfnclient,True,Change-Id,Remove library,Remove an external from library (argparse) from the two projects from requirements
17,610609,612340,openstack-ansible-os_sahara,openstack-ansible-os_cinder,False,Change-Id,Docs,Adding a project name at the end of the sentence.
18,513157,513265,openstack-ansible-lxc_container_create,openstack-ansible-lxc_hosts,True,Depends-On,Add configuration,Fix a typo of a package name and adding a task for it
19,490376,499438,tripleo-quickstart,tripleo-heat-templates,False,Depends-On,Add configuration (vars + test),Add specific configuration variables and exploit them to execute specific tests
20,415024,525529,project-config,ironic-python-agent,True,Related-Bug,Unknown,Unknown
21,536507,536572,os-net-config,os-apply-config,True,Related-Bug,Remove configurations,Remove two job config values (tripleo-ovb-check and tripleo-ovb-experiemental) from the zuul file
22,759478,759485,python-tripleoclient,tripleo-upgrade,True,Related-Bug,Remove configurations,Remove a config value which leads to upgrade failure
23,329529,329530,puppet-tripleo,tripleo-heat-templates,True,Depends-On,Move resources,Move import statement from the 1st to 2nd project
24,121318,121328,swift,hacking,True,Related-Bug,Remove library,Fixing a bug by removing an extension decalaration which lead to failures when building external links to other projects' documentation
25,663021,663875,kolla,kolla-ansible,True,Depends-On,Remove library,A retired project (Neutron LBaaS) caused two project to remove it support 
26,739530,739533,python-tripleoclient,tripleo-common,True,Depends-On,Unknown,Unknown
27,811117,811303,grenade,devstack,False,Depends-On,Unknown,Unknown
28,452845,453316,charm-neutron-openvswitch,charm-percona-cluster,True,Related-Bug,Uknown,Importing a module to fix alphanumeric comparisons in both projects + fix code where such comparison is made.
29,841489,860895,requirements,neutron,False,Depends-On,Unknown,Unknown
30,817672,817673,kayobe-config-dev,kayobe,True,Depends-On,Unknown,Unknown
31,536579,536588,os-net-config,puppet-tripleo,True,Related-Bug,Remove configurations,Remove two job config values from the zuul file in both projects
32,118694,118729,swift,oslo.vmware,False,Change-Id,Docs,Add a text description on two files to warn the sifgnificance of libraryies declaratioon order
33,367876,367891,openstack-ansible-os_keystone,openstack-ansible-os_swift,True,Related-Bug,Code enhancements,Code enhancements to compress the collected logs  in both projects to reduce space.
34,450842,457347,tripleo-heat-templates,puppet-nova,False,Depends-On,New features,Add a new functionality (live-migration over SSH) and it implementation
35,473081,473158,tripleo-quickstart,tripleo-ci,True,Depends-On,Code enhancements,Remove unnecessary code since it was properly implemented in config-based file in the 2nd project 
36,448827,452715,puppet-neutron,tripleo-heat-templates,False,Depends-On,Add configuration,Add new configuration options for Opendaylight ML2 and adapt such changes in the second project which the same functionality is implemented
37,281369,281376,puppet-openstack_spec_helper,puppet-pacemaker,True,Depends-On,Tests,The 1st project adds a test mehods and consume it in the second project
38,558569,558576,charm-ceph-fs,charm-rabbitmq-server,True,Related-Bug,Code enhancements,"Remove a deleted flag (""--allow-unverified"") from pip install command line in both projects. It is no longer supported as of pip 10.0. As a result, results in unit, lint tests for OpenStack charms are now failing, with the dev/test gate completely blocked"
39,670150,686215,puppet-neutron,neutron,False,Related-Bug,Unknown,Unknown
40,558281,567269,charm-designate-bind,charms.openstack,True,Related-Bug,Code enhancements,"Remove a removed flag (""--allow-unverified"") from pip install command line in both projects. It is no longer supported as of pip 10.0. As a result, results in unit, lint tests for OpenStack charms are now failing, with the dev/test gate completely blocked"
41,518960,522645,puppet-nova,tripleo-heat-templates,True,Depends-On,Add configuration,"Add a new config value and assign ""unversioned"" value in the other project"
42,315746,316299,fuel-library,fuel-agent,True,Depends-On,Change configuration,Change config file names in afile and make use of them in the second project
43,367860,367888,openstack-ansible-openstack_openrc,openstack-ansible-os_rally,True,Related-Bug,Add a library as code enhancement,"Adding ""gzip"" library to compress the collected logs in both projects to reduce space."
44,660988,661018,kolla,kolla-ansible,True,Depends-On,Upgrade library,"Upgrade a plugin (""Monasca Fluentd plugin"") from 0.0.1 to 0.1.0 and to be able to set field name (""log message"")"
45,810791,815862,puppet-tripleo,puppet-manila,False,Depends-On,Add configuration parameter,"Add new parameter (""backend_availability_zone"" ) and override it in the other project."
46,558276,558295,charm-ceph-radosgw,charm-nova-cloud-controller,True,Related-Bug,Code enhancements,"Remove a deleted flag (""--allow-unverified"") from pip install command line in both projects. It is no longer supported as of pip 10.0. As a result, results in unit, lint tests for OpenStack charms are now failing, with the dev/test gate completely blocked"
47,639096,642321,openstack-zuul-jobs,kuryr-libnetwork,True,Depends-On,Move configuration,"Move a config key-value parameter (""projectnodeset: legacy-ubuntu-xenial-2-node"") from the the 1st project to the other one"
48,696387,859027,tripleo-quickstart-extras,openstack-tempest-skiplist,False,Related-Bug,Remove configuration lines,Remove configurations lines that configures certain tests (because tests fails)
49,523213,523649,nova,ossa,False,Related-Bug,Unknown,Unknown
50,846125,846194,tripleo-quickstart-extras,tripleo-quickstart,True,Depends-On,Unknown,Unknown
51,514912,519856,puppet-openstack-integration,puppet-octavia,True,Depends-On,Add configuration,"Add a job configuration (""openstack/puppet-octavia"") including certain jobs (puppet-openstack-{check-jobs/module-unit-jobs}) that were implemented in other project"
52,688201,690389,tripleo-common,python-tripleoclient,True,Related-Bug,Upgrade library,"Fix a bug by upgrading the version of a library (""tripleo-common"") version from ""10.7.0"" to ""11.3.1"" which underwent a large amount of code changes"
53,782611,792166,tripleo-heat-templates,tripleo-ansible,True,Related-Bug,Add configuration,"Add two new config parameters related to disk device infos (""CephHciOsdCount"" and ""CephHciOsdType"") and makes use of them in the other project due to deployment failures."
54,522526,522735,openstack-ansible,openstack-ansible-os_nova,True,Deps-Need,Code enhancements,"Implement a business logic around ""nova-novncproxy"" and ""nova-spicehtml5proxy"" services, such as adding control statements..."
55,121318,123979,swift,rally,False,Related-Bug,Remove library,Fixing a bug by removing an extension decalaration which lead to failures when building external links to other projects' documentation
56,555897,555900,project-config,governance,True,Deps-Need,Add library info to OS projects,"Add information about a newly introduced OpenStack project (""kolla-cli"") such as project name, repo location...etc."
57,512827,516490,puppet-heat,puppet-openstack-integration,False,Depends-On,Unknown,Unknown
58,121294,121309,glance-specs,python-glanceclient,True,Related-Bug,Remove library,Fixing a bug by removing an extension decalaration which lead to failures when building external links to other projects' documentation
59,513091,513112,openstack-ansible-tests,openstack-ansible-os_cloudkitty,True,Depends-On,Add configuration,"Create a new configuration job (""openstack-ansible-linters"") and make use of it in the 2nd project"
60,536579,537262,os-net-config,tripleo-heat-templates,False,Related-Bug,Remove configuration,"Remove two job decalarations (""tripleo-ovb-check"" and ""tripleo-ovb-experimental"") from the config file"
61,71981,71983,cliff,taskflow,True,Change-Id,Renaming,"Update .gitreview after repo prefix rename from ""stackforge/"" to ""openstack/"""
62,777002,786159,tripleo-heat-templates,tripleo-ansible,False,Related-Bug,Unknown,Unknown
63,745678,745683,diskimage-builder,octavia,True,Depends-On,Add configuration,"Add a config key-value pair (""build-only"") to a set of packages such as ""git"" and ""amphora-agent""."
64,233294,233297,murano,murano-apps,True,Depends-On,Add configuration,"Create a new config-related feature (""isDeployed"") and make use of it in control statements in the 2nd project."
65,640897,641159,tripleo-heat-templates,tripleo-ci,True,Depends-On,Add configuration,"Add two config-related key-value pairs (""overcloud_container_cli"" and ""ContainerCli"") which are both assigned to ""docker"" value."
66,814535,814560,openstack-ansible-os_tempest,openstack-ansible,False,Depends-On,Unknown,Unknown
67,635476,635779,cloudkitty-specs,cloudkitty,True,Depends-On,Add configuration,Add config file that allows cloudkitty to handle variables from different data source + add its implementation in other project + tests
68,776341,776344,charm-ceph-radosgw,charm-cinder-backup,True,Change-Id,Add configuration,"Add new config file to both projects as preparation to migrate Ubuntu OpenStack CI from ""jenkins"" to ""zuul"""
69,536489,536567,diskimage-builder,python-tripleoclient,True,Related-Bug,Remove configuration,"Remove job config values (tripleo-ci-centos-7-ovb-ha-oooq, tripleo-ovb-check and tripleo-ovb-experiemental) from the zuul file in both projects."
70,779389,779395,openstack-chef,cookbook-openstack-image,True,Depends-On,Upgrade library,"Major upgrade of an Chef Workstation related to ""openstack-chef"" project  from ""20.9.158"" to ""21.2.303"" and update the docs in the 2nd project."
71,724825,728001,neutron,networking-ovn,False,Change-Id,Code enhancements,"Fix a bug to adding control statements (if conditions, exceptions) and populating params"
72,288128,288129,releases,requirements,True,Depends-On,Upgrade library,"Minor upgrade of an OpenStack project ("" python-manilaclient"") from 1.7.0 to 1.8.0 in ""requirement"" repo and add 1.8.0 releate in ""releases"" repo"
73,690755,691015,openstacksdk,python-senlinclient,True,Depends-On,New features,Add a new data model field and employ it across multiple files (production and test code) in both projects
74,491362,491364,puppet-sahara,puppet-openstack-integration,True,Depends-On,Remove configuration,"Remove a deprecated config parameter (""rpc_backend"") from both projects"
75,829428,831540,tripleo-heat-templates,tripleo-ansible,True,Depends-On,Unknown,Unknown
76,117182,128405,solum-specs,solum,True,Change-Id,Remove library,"Remove a library (""docutils"") from both projects because it is implemented in a new release of ""sphinx"" library."
77,674243,675023,nova,python-novaclient,True,Depends-On,New features,"Add two new fields to data model (``user_id`` and ``project_id``), adjust them in production and test code such as exposing them via APIs as dynamic parameters, and make the use of this feature in the second project (production and test file changed as well)"
78,685335,687320,puppet-ironic,python-tripleoclient,True,Depends-On,Add configurable parameter,"Fix a network bug by adding a new parameter (""mtu"") and use it in the 2nd project"
79,802537,802544,tripleo-ci,tripleo-heat-templates,True,Depends-On,Renaming,Rename a config option from tripleo-upgrades-victoria-pipeline to tripleo-periodic-upgrades-victoria-pipeline and declare it in the 2nd project
80,516519,519930,puppet-openstack-integration,puppet-ceilometer,True,Depends-On,Add configuration,"Add a new configuration job (""puppet-openstack-unit-base"") and make use of it in the 2nd project"
81,271980,271983,project-config,requirements,True,Depends-On,Add configuration,"Add ""tacker-horizon"" project in requirements repo, and integrate a job (""name=check-requirements"") for it in the 2nd project"
82,633246,634443,tripleo-heat-templates,puppet-tripleo,True,Related-Bug,Code enhancements,Fixing a bug by creating a script and its corresponding cmd execution across the two projects
83,731859,731869,cookbook-openstack-identity,cookbook-openstack-bare-metal,True,Depends-On,Upgrade library,Upgrade new libraries' versions ('openstack-common': from '>= 19.0.0' to '>= 20.0.0' and 'apache2': from '~> 8.0' to '~> 8.1') as a preparation for the next release
84,238444,238459,fuel-menu,fuel-main,True,Related-Bug,Remove library,"a package was moved to a separate project (""fuel-web/fuelmenu"") which caused the second project to remove its decalartions"
85,831547,841580,tripleo-ansible,tripleo-heat-templates,True,Related-Bug,Add configuration,Add a large amount of config options to define new firewall rules and make use of them in the other project
86,98898,105521,ceilometer,nova,False,Related-Bug,Code enhancements,Fix a bug by modifying source code to specify a correct address
87,535458,537447,tripleo-quickstart,tripleo-quickstart-extras,True,Depends-On,Add configuration,Create new config file which was imported in the second project
88,619508,620303,tripleo-ci,tripleo-common,True,Depends-On,Renaming,"Rename a zuul job (""tripleo-ci-centos-7-scenario001-standalone"") and employ it in the other project"
89,529772,530250,puppet-qdr,puppet-openstack-integration,True,Depends-On,Add configuration,"Implement a new zuul job (""puppet-openstack-beaker-jobs"") in a config file and employ it in the other project"
90,804416,805978,ironic,python-ironicclient,True,Depends-On,New features,Add a new fields (``fields``) and expose them via APIs
91,764527,764539,searchlight-specs,openstack-manuals,True,Needed-By,Remove library,"Add the retired ""searchlight-spec"" project and remove all its related source code files from repository"
92,558278,558574,charm-cinder-backup,charm-ceph-osd,True,Related-Bug,Code enhancements,"Remove a no-longer supported flag (""--allow-unverified"") in tox.ini (""config file"") as of pip v10.0 in both projects"
93,838051,843709,devstack,designate,True,Depends-On,Unknown,Unknown
94,555034,555917,openstack-zuul-jobs,murano-dashboard,True,Depends-On,Add configuration to run tests,Add new zuul job to run tests againts lower bounds and employ it in the 2nd project
95,711195,712315,horizon,requirements,True,Depends-On,Adopt new library,"Adopting a new testing library (""pytest"") which is actively maintained and supported, while it is commonly in big projects such as gunirocn, scipy, and requests, and adjust its usage in the other project,"
96,522543,522544,project-config,governance,True,Deps-Need,Initial library release,"Launch an initial release of an OpenStack repository (""governance-sigs"") by adding its name in ""governance"" project, while defining it configuration in ""project-config"" repo"
97,169475,169483,openstack-chef-repo,cookbook-openstack-block-storage,True,Related-Bug,Upgrade library,"Minor upgrade of an Ubuntu CentOS release from 7.0 to 7.1 in both project since in v7.0 lost what referred to as EUS (aka., Extended Update Support) or LTS (aka., Long-Term Support)"
98,121309,121328,python-glanceclient,hacking,True,Related-Bug,Remove library,"Remove ""intersphinx"" extension from a config filein both projects as it fails to build external projects links"
99,558289,558295,charm-manila,charm-nova-cloud-controller,True,Related-Bug,Code enhancements,"Remove a no-longer supported flag (""--allow-unverified"") in tox.ini (""config file"") as of pip v10.0 in both projects"
100,813767,813888,cliff,python-tripleoclient,True,,,
101,614827,615177,tripleo-heat-templates,tripleo-common,False,,,
102,563874,563950,tripleo-common,tripleo-heat-templates,True,,,
103,533770,543240,oslo.serialization,tooz,True,,,
104,779389,779394,openstack-chef,cookbook-openstack-identity,True,,,
105,176151,176391,oslo-incubator,keystone,True,,,
106,692965,694733,oslo.utils,mistral,True,,,
107,678629,678949,charm-aodh,charm-vault,True,,,
108,407077,407093,puppet-cinder,puppet-sahara,True,,,
109,773731,775756,tripleo-heat-templates,puppet-tripleo,True,,,
110,40450,40755,python-ceilometerclient,neutron,True,,,
111,540051,540495,cinder,nova,True,,,
112,858864,859072,tripleo-common,tripleo-quickstart-extras,True,,,
113,367317,367318,os-win,compute-hyperv,True,,,
114,512849,516490,puppet-watcher,puppet-openstack-integration,False,,,
115,117158,128400,cinder-specs,monasca-ui,True,,,
116,644781,645183,puppet-tripleo,tripleo-heat-templates,True,,,
117,644929,659850,tripleo-heat-templates,puppet-tripleo,False,,,
118,694430,714561,nova,python-novaclient,False,,,
119,739320,753108,cloudkitty-dashboard,heat-translator,False,,,
120,121313,123962,python-novaclient,magnetodb,False,,,
121,532269,535908,ironic,ironic-tempest-plugin,False,,,
122,541270,541924,openstack-ansible-os_aodh,openstack-ansible-galera_server,False,,,
123,830740,830795,tripleo-heat-templates,puppet-nova,True,,,
124,839083,843477,ovn-octavia-provider,networking-ovn,False,,,
125,823007,824363,neutron-tempest-plugin,neutron,False,,,
126,707955,776424,tripleo-heat-templates,puppet-tripleo,True,,,
127,387824,389476,openstacksdk,python-senlinclient,True,,,
128,390644,390646,openstack-ansible-os_aodh,openstack-ansible-os_ceilometer,True,,,
129,660329,660395,puppet-nova,tripleo-heat-templates,True,,,
130,775709,777241,tripleo-heat-templates,tripleo-common,True,,,
131,491600,491604,puppet-tripleo,tripleo-heat-templates,True,,,
132,818081,822681,tripleo-ansible,tripleo-heat-templates,False,,,
133,708737,750678,puppet-pacemaker,tripleo-heat-templates,True,,,
134,85805,86161,cookbook-openstack-network,cookbook-openstack-orchestration,True,,,
135,555034,555626,openstack-zuul-jobs,keystonemiddleware,True,,,
136,118732,118734,ceilometer,oslotest,True,,,
137,118692,118736,cinder,oslo-incubator,False,,,
138,270392,270401,python-tackerclient,zaqar,True,,,
139,258765,258766,neutron-vpnaas,neutron-lbaas,True,,,
140,428651,437899,gnocchi,project-config,True,,,
141,755607,757605,tripleo-quickstart-extras,tripleo-ci,True,,,
142,121311,126161,python-keystoneclient,python-cloudkittyclient,True,,,
143,277224,277670,os-brick,nova,True,,,
144,121227,121297,trove,ironic-specs,True,,,
145,118735,118761,oslosphinx,heat,False,,,
146,121310,126161,python-heatclient,python-cloudkittyclient,True,,,
147,777003,786355,tripleo-heat-templates,tripleo-ansible,False,,,
148,522857,522858,releases,openstack-ansible,True,,,
149,529676,529766,puppet-openstack-integration,puppet-octavia,True,,,
150,693631,694565,requirements,mistral-dashboard,False,,,
151,547229,549989,cinder,manila,True,,,
152,577073,577074,puppet-neutron,puppet-tripleo,True,,,
153,473896,475848,tripleo-heat-templates,tripleo-docs,True,,,
154,105510,105629,requirements,tempest,True,,,
155,179350,179353,ha-guide,openstack-manuals,True,,,
156,422896,452326,kolla-ansible,kolla,False,,,
157,50664,144700,keystone,oslo.middleware,False,,,
158,419486,420698,tripleo-image-elements,tripleo-common,True,,,
159,685341,687344,puppet-ironic,instack-undercloud,True,,,
160,445186,446725,cliff,requirements,False,,,
161,207078,235325,puppet-openstack-integration,puppet-tempest,True,,,
162,560306,560424,charm-cinder,charm-neutron-api,False,,,
163,759130,759132,tripleo-ansible,tripleo-heat-templates,True,,,
164,117160,128400,heat-specs,monasca-ui,True,,,
165,533768,533770,keystone,oslo.serialization,True,,,
166,793906,793909,tripleo-heat-templates,python-tripleoclient,True,,,
167,769501,822244,tripleo-heat-templates,puppet-tripleo,False,,,
168,825357,830504,kolla-ansible,ansible-collection-kolla,True,,,
169,669902,669997,puppet-tripleo,tripleo-heat-templates,False,,,
170,117158,117171,cinder-specs,governance,True,,,
171,528483,529499,project-config,openstack-zuul-jobs,False,,,
172,633214,730456,tripleo-quickstart-extras,devstack,False,,,
173,254220,272651,cookbook-openstack-image,openstack-chef-repo,False,,,
174,820982,824535,openstack-ansible,openstack-ansible-os_zun,True,,,
175,139559,139564,cinder,neutron,True,,,
176,794993,813129,oslo.privsep,neutron,False,,,
177,120456,120548,telemetry-specs,tripleo-specs,True,,,
178,121317,121319,sahara-specs,swift-specs,True,,,
179,358510,358511,puppet-tripleo,tripleo-heat-templates,True,,,
180,233968,234561,mistral,mistral-dashboard,True,,,
181,321639,321640,django_openstack_auth,horizon,True,,,
182,462680,462681,tripleo-common,tripleo-heat-templates,True,,,
183,462724,489813,python-tripleoclient,tripleo-common,True,,,
184,812662,813660,heat,neutron-lib,True,,,
185,776355,776358,charm-ironic-api,charm-keystone-kerberos,True,,,
186,164190,164427,tempest,devstack,True,,,
187,547321,632586,tripleo-common,tripleo-heat-templates,True,,,
188,636904,636911,puppet-tripleo,tripleo-heat-templates,True,,,
189,447516,451469,charm-cinder-backup,charm-glance,True,,,
190,536577,537263,os-collect-config,tripleo-heat-templates,False,,,
191,813192,815199,tripleo-ansible,tripleo-heat-templates,True,,,
192,513106,513797,openstack-ansible-memcached_server,openstack-ansible-tests,True,,,
193,776971,777002,tripleo-common,tripleo-heat-templates,True,,,
194,675561,675600,tosca-parser,tacker,True,,,
195,22711,22771,nova,neutron,True,,,
196,117164,117171,qa-specs,governance,True,,,
197,814057,814059,cookbook-openstack-network,cookbook-openstack-dns,True,,,
198,782770,827148,puppet-tripleo,tripleo-ansible,False,,,
199,777228,786233,tripleo-common,tripleo-ansible,False,,,
200,701523,701561,paunch,tripleo-heat-templates,True,,,
201,378724,386248,puppet-openstack-cookiecutter,puppet-tacker,True,,,
202,432864,435143,tripleo-heat-templates,puppet-nova,False,,,
203,349341,364472,neutron-fwaas,neutron-lbaas,False,,,
204,351052,351576,puppet-tripleo,instack-undercloud,True,,,
205,682943,688201,python-tripleoclient,tripleo-common,False,,,
206,530250,530367,puppet-openstack-integration,puppet-barbican,True,,,
207,611893,611896,project-config,governance,True,,,
208,699879,699880,tripleo-common,tripleo-heat-templates,True,,,
209,558850,559311,tripleo-upgrade,python-tripleoclient,True,,,
210,536461,536575,tripleo-ci,os-collect-config,True,,,
211,448565,449383,releases,openstack-manuals,False,,,
212,577660,577664,shade,openstacksdk,True,,,
213,643625,643887,horizon,designate-dashboard,False,,,
214,280267,281920,ironic,devstack,True,,,
215,815468,815470,openstack-ansible-os_heat,openstack-ansible-os_tempest,True,,,
216,558275,558300,charm-ceph-proxy,charm-openvswitch-odl,True,,,
217,185640,607510,heat,puppet-tripleo,False,,,
218,524962,525552,openstack-ansible-openstack_hosts,openstack-ansible-os_heat,True,,,
219,812334,812339,neutron,networking-ovn,True,,,
220,152156,161302,keystone,python-openstackclient,True,,,
221,315142,315168,fuel-web,python-fuelclient,True,,,
222,358792,361779,murano,murano-dashboard,True,,,
223,776358,776359,charm-keystone-kerberos,charm-keystone-ldap,True,,,
224,121303,121308,nova-specs,python-cinderclient,True,,,
225,501204,506957,puppet-tripleo,tripleo-heat-templates,True,,,
226,756245,759365,puppet-neutron,neutron,False,,,
227,437671,440337,murano-dashboard,python-tripleoclient,False,,,
228,606035,629786,kayobe,kayobe-config-dev,True,,,
229,833995,834055,ovn-octavia-provider,networking-ovn,True,,,
230,529143,531455,neutron,networking-ovn,True,,,
231,826986,826989,octavia-dashboard,ironic-ui,True,,,
232,739659,739891,openstack-helm-infra,openstack-helm,True,,,
233,206672,206675,heat,keystone,True,,,
234,536472,536579,tripleo-common,os-net-config,True,,,
235,777236,777420,tripleo-ansible,tripleo-heat-templates,True,,,
236,761862,762400,python-tripleoclient,tripleo-quickstart-extras,False,,,
237,394378,402081,puppet-tripleo,python-heatclient,False,,,
238,547230,556276,cinder,manila,False,,,
239,775698,777239,tripleo-common,tripleo-heat-templates,True,,,
240,209538,280332,neutron,openstack-manuals,True,,,
241,796402,796672,tripleo-heat-templates,neutron,False,,,
242,536511,537612,tripleo-image-elements,puppet-pacemaker,False,,,
243,523541,523832,openstack-ansible-tests,openstack-ansible-lxc_container_create,False,,,
244,777422,779343,tripleo-common,tripleo-ansible,True,,,
245,574879,575195,ironic,python-dracclient,True,,,
246,684781,715876,nova,requirements,False,,,
247,367482,367531,releases,openstack-ansible,False,,,
248,681910,681912,neutron,neutron-tempest-plugin,True,,,
249,558270,558279,charm-ceilometer,charm-cinder-ceph,True,,,
250,776339,776343,charm-ceph-osd,charm-cinder,True,,,
251,419118,420351,python-tripleoclient,puppet-tripleo,False,,,
252,169497,169499,cookbook-openstack-ops-messaging,cookbook-openstack-telemetry,True,,,
253,591313,591318,vitrage-tempest-plugin,vitrage,True,,,
254,289898,290005,openstack-ansible-lxc_hosts,openstack-ansible,True,,,
255,426143,426144,puppet-tripleo,tripleo-image-elements,True,,,
256,594138,681657,networking-ovn,ovsdbapp,False,,,
257,748315,752308,metalsmith,ironic-python-agent,True,,,
258,536574,537409,os-apply-config,puppet-pacemaker,True,,,
259,693379,693447,tripleo-ci,tripleo-puppet-elements,False,,,
260,458967,464725,networking-ovn,requirements,False,,,
261,165122,165127,cookbook-openstack-network,cookbook-openstack-block-storage,True,,,
262,603910,620323,nova,devstack,False,,,
263,678683,678691,charm-designate-bind,charm-heat,True,,,
264,536564,537878,tripleo-common,paunch,True,,,
265,525118,525569,openstack-ansible-tests,openstack-ansible-os_trove,True,,,
266,813186,815289,neutron,networking-ovn,True,,,
267,543465,543467,openstack-ansible-os_magnum,openstack-ansible,True,,,
268,680722,680727,tripleo-heat-templates,tripleo-common,True,,,
269,413644,413653,tripleo-heat-templates,puppet-horizon,True,,,
270,526030,528757,tripleo-common,tripleo-heat-templates,True,,,
271,633171,636909,puppet-tripleo,tripleo-heat-templates,False,,,
272,682356,701105,vitrage,requirements,False,,,
273,759000,764093,neutron-tempest-plugin,tripleo-heat-templates,True,,,
274,558290,558571,charm-manila-generic,charm-ceph-mon,True,,,
275,647851,648477,openstack-ansible-os_aodh,openstack-ansible,False,,,
276,422839,422840,tripleo-image-elements,tripleo-common,True,,,
277,406138,407072,puppet-nova,puppet-barbican,True,,,
278,536499,537875,dib-utils,paunch,True,,,
279,270839,270843,project-config,kolla,True,,,
280,572411,573619,openstack-ansible-repo_build,openstack-ansible,True,,,
281,727403,727417,openstack-ansible-os_nova,openstack-ansible-os_sahara,True,,,
282,118724,118964,oslo.messaging,manila,False,,,
283,504455,510775,networking-bgpvpn,requirements,False,,,
284,737332,737826,nova,openstack-zuul-jobs,True,,,
285,536563,536587,tripleo-common,puppet-tripleo,True,,,
286,192407,192412,sahara,neutron-vpnaas,True,,,
287,567697,583849,nova,project-config,False,,,
288,367645,367677,searchlight,searchlight-ui,True,,,
289,420461,420876,nova,grenade,True,,,
290,655136,655156,openstack-zuul-jobs,networking-ovn,True,,,
291,727805,728066,neutron,networking-ovn,False,,,
292,525045,525046,python-glanceclient,openstack-zuul-jobs,True,,,
293,558277,561527,charm-cinder,charm-heat,False,,,
294,155051,156132,neutron,neutron-lbaas,False,,,
295,744647,744714,horizon,designate-dashboard,True,,,
296,407028,407069,puppet-nova,puppet-aodh,True,,,
297,615776,615778,tripleo-common,tripleo-heat-templates,True,,,
298,243614,244691,tripleo-heat-templates,heat,False,,,
299,596274,604006,tripleo-heat-templates,tripleo-common,True,,,
300,813811,817831,python-tripleoclient,tripleo-ansible,True,,,
301,580153,591272,puppet-nova,puppet-tripleo,False,,,
302,550749,578736,openstack-ansible,openstack-ansible-plugins,True,,,
303,190597,190664,grenade,devstack-gate,True,,,
304,535874,535876,releases,openstack-ansible,True,,,
305,138126,141886,tempest,cinder,True,,,
306,367838,367903,openstack-ansible-ceph_client,openstack-ansible-rsyslog_server,True,,,
307,291890,291891,aodh,ceilometer,True,,,
308,678643,678940,charm-ceilometer-agent,charm-percona-cluster,True,,,
309,599605,600467,tripleo-quickstart,tripleo-common,False,,,
310,367865,371344,openstack-ansible-os_cinder,openstack-ansible-os_trove,True,,,
311,536503,536513,os-apply-config,tripleo-puppet-elements,True,,,
312,677245,682972,grenade,project-config,True,,,
313,121313,123980,python-novaclient,solum,False,,,
314,346278,353443,nova,requirements,False,,,
315,91053,91070,cinder,zaqar,True,,,
316,117157,117158,keystone-specs,cinder-specs,True,,,
317,185549,256343,nova,grenade,True,,,
318,192411,192412,neutron-lbaas,neutron-vpnaas,True,,,
319,458674,471478,puppet-tripleo,tripleo-heat-templates,False,,,
320,365767,368361,python-fuelclient,fuel-octane,False,,,
321,792188,792219,neutron,networking-ovn,False,,,
322,427345,428292,tempest,devstack,True,,,
323,101097,101799,neutron,ceilometer,True,,,
324,464172,477792,project-config,networking-midonet,True,,,
325,555034,555935,openstack-zuul-jobs,networking-ovn,True,,,
326,360329,360350,puppet-tripleo,instack-undercloud,True,,,
327,574047,574048,releases,openstack-ansible,True,,,
328,402130,439254,openstack-ansible-os_trove,openstack-ansible-os_neutron,False,,,
329,270905,272538,designate,project-config,False,,,
330,692058,693631,ceilometer,requirements,False,,,
331,651552,651777,paunch,tripleo-heat-templates,True,,,
332,367838,367868,openstack-ansible-ceph_client,openstack-ansible-os_glance,True,,,
333,259594,259611,project-config,openstack-ansible-rabbitmq_server,True,,,
334,775698,779318,tripleo-common,tripleo-ansible,True,,,
335,154407,155455,oslo.versionedobjects,project-config,False,,,
336,569789,570696,python-tripleoclient,tripleo-quickstart-extras,True,,,
337,633238,636874,puppet-tripleo,tripleo-heat-templates,True,,,
338,451469,451549,charm-glance,charm-neutron-api-odl,True,,,
339,558281,558571,charm-designate-bind,charm-ceph-mon,True,,,
340,513099,513797,openstack-ansible-apt_package_pinning,openstack-ansible-tests,True,,,
341,741231,742093,puppet-tripleo,puppet-pacemaker,True,,,
342,469475,469481,releases,openstack-ansible,True,,,
343,605747,605753,tripleo-quickstart-extras,tripleo-quickstart,True,,,
344,665690,703966,python-tripleoclient,tripleo-common,False,,,
345,509204,509568,puppet-openstack-integration,puppet-openstack_spec_helper,True,,,
346,647467,661948,tripleo-heat-templates,tripleo-common,True,,,
347,207605,207610,trove,trove-integration,True,,,
348,402130,403786,openstack-ansible-os_trove,openstack-ansible-os_swift,True,,,
349,639040,643389,devstack,neutron,True,,,
350,756246,759366,puppet-neutron,neutron,False,,,
351,350966,350969,openstack-ansible-os_keystone,openstack-ansible-os_neutron,True,,,
352,61494,61496,os-collect-config,os-refresh-config,True,,,
353,708436,718057,nova,python-novaclient,False,,,
354,800841,800851,openstack-chef,cookbook-openstack-integration-test,True,,,
355,753428,753834,project-config,governance,False,,,
356,541402,554637,puppet-heat,tripleo-heat-templates,True,,,
357,499789,504134,puppet-nova,tripleo-heat-templates,True,,,
358,497481,498664,puppet-manila,tripleo-heat-templates,False,,,
359,565300,565343,goal-tools,project-config,True,,,
360,120501,120504,designate-specs,docs-specs,True,,,
361,564067,564180,nova,devstack,True,,,
362,558284,558575,charm-hacluster,charm-percona-cluster,True,,,
363,154139,154156,cookbook-openstack-compute,cookbook-openstack-orchestration,True,,,
364,516518,519868,puppet-openstack-integration,puppet-neutron,True,,,
365,817413,848492,puppet-neutron,tripleo-heat-templates,False,,,
366,121311,121324,python-keystoneclient,manila,True,,,
367,212652,212710,taskflow,requirements,True,,,
368,767032,767435,karbor,kayobe-config,True,,,
369,522099,522101,python-novaclient,project-config,True,,,
370,291895,291897,magnum,searchlight,True,,,
371,579208,579554,openstack-ansible-tests,openstack-ansible-memcached_server,False,,,
372,536819,536835,panko,devstack-plugin-ceph,True,,,
373,169065,174988,cue,python-cueclient,True,,,
374,587853,590011,openstack-ansible,openstack-ansible-os_tempest,True,,,
375,610603,612339,openstack-ansible-os_ironic,openstack-ansible-os_sahara,False,,,
376,667792,675104,tripleo-docs,tripleo-heat-templates,True,,,
377,469121,473825,openstack-ansible,openstack-ansible-tests,True,,,
378,335363,360565,grenade,devstack-gate,False,,,
379,403695,493746,openstack-ansible-os_tempest,openstack-ansible-os_nova,False,,,
380,121223,121326,horizon,solum-specs,True,,,
