antecedent,consequent,supp,conf
openstack/ironic-tempest-plugin,openstack/ironic,0.00018246128556530355,0.3504823151125402
openstack/openstack-zuul-jobs,openstack/project-config,0.0007030618342883256,0.2766798418972332
openstack/puppet-tripleo,openstack/tripleo-heat-templates,0.0011985530317867646,0.25553176302640973
openstack/vitrage-tempest-plugin,openstack/vitrage,9.206762115680455e-05,0.2534562211981567
openstack/kuryr-tempest-plugin,openstack/kuryr-kubernetes,0.00011215510213647099,0.22789115646258504
openstack/zun-tempest-plugin,openstack/zun,5.524057269408273e-05,0.22448979591836735
openstack/heat-tempest-plugin,openstack/heat,6.193639968730488e-05,0.21893491124260356
openstack/manila-tempest-plugin,openstack/manila,0.00013559049661274853,0.19950738916256158
openstack/governance,openstack/project-config,0.0009524813897858508,0.195599862495703
openstack/neutron-tempest-plugin,openstack/neutron,0.00023602790151108075,0.1821705426356589
openstack/cinder-tempest-plugin,openstack/cinder,5.524057269408273e-05,0.1793478260869565
openstack/octavia-tempest-plugin,openstack/octavia,0.00011885092912969315,0.1658878504672897
openstack/ovn-octavia-provider,openstack/networking-ovn,5.8588486190693806e-05,0.15695067264573992
openstack/tripleo-ansible,openstack/tripleo-heat-templates,0.0005206005487230221,0.14718409843823946
openstack/charms.ceph,openstack/charm-ceph-mon,5.021870244916612e-05,0.14563106796116504
openstack/compute-hyperv,openstack/nova,0.00010713323189155439,0.1277445109780439
openstack/tripleo-common,openstack/tripleo-heat-templates,0.0007097576612815478,0.12236652236652237
openstack/designate-tempest-plugin,openstack/designate,5.691452944238827e-05,0.11643835616438356
openstack/neutron-lib,openstack/neutron,0.0002561153824907472,0.11521084337349398
openstack/tripleo-quickstart-extras,openstack/tripleo-quickstart,0.0005540796836891328,0.11258503401360544
openstack/tripleo-quickstart,openstack/tripleo-quickstart-extras,0.0005540796836891328,0.11055444221776888
openstack/tripleo-quickstart-extras,openstack/tripleo-ci,0.00048377350026030026,0.09829931972789116
openstack/python-tripleoclient,openstack/tripleo-common,0.00045196832204249507,0.09646302250803858
openstack/grenade,openstack/devstack,0.00011215510213647099,0.0938375350140056
openstack/tripleo-ci,openstack/tripleo-heat-templates,0.0006612129155806872,0.09357972044539209
openstack/cookbook-openstack-identity,openstack/cookbook-openstack-compute,5.189265919747166e-05,0.09281437125748503
openstack/openstack-ansible-os_octavia,openstack/openstack-ansible,6.528431318391596e-05,0.09006928406466513
openstack/puppet-pacemaker,openstack/puppet-tripleo,5.021870244916612e-05,0.08902077151335312
openstack/openstack-ansible-os_glance,openstack/openstack-ansible,9.541553465341562e-05,0.08702290076335878
openstack/python-tripleoclient,openstack/tripleo-heat-templates,0.00040509753308994,0.08645944980350125
openstack/tripleo-quickstart,openstack/tripleo-heat-templates,0.000426858970817912,0.08517034068136273
openstack/openstack-ansible-os_horizon,openstack/openstack-ansible,8.53717941635824e-05,0.08485856905158069
openstack/openstack-ansible-os_tempest,openstack/openstack-ansible,0.00011048114538816546,0.08450704225352113
openstack/tripleo-quickstart,openstack/tripleo-ci,0.0004218371005729954,0.0841683366733467
openstack/neutron-vpnaas,openstack/neutron,0.00012219884262630422,0.08371559633027523
openstack/tripleo-quickstart-extras,openstack/tripleo-heat-templates,0.00040677148983824554,0.0826530612244898
openstack/openstack-ansible-os_glance,openstack/openstack-ansible-os_keystone,9.039366440849902e-05,0.08244274809160305
openstack/openstack-ansible-os_glance,openstack/openstack-ansible-os_cinder,9.039366440849902e-05,0.08244274809160305
openstack/trove-integration,openstack/trove,6.193639968730488e-05,0.08240534521158129
openstack/openstack-ansible-lxc_container_create,openstack/openstack-ansible-lxc_hosts,6.863222668052703e-05,0.08151093439363817
openstack/openstack-ansible-os_cinder,openstack/openstack-ansible,0.00010545927514324885,0.08139534883720931
openstack/openstack-ansible-os_neutron,openstack/openstack-ansible,0.00014563423710258174,0.0813844714686623
openstack/neutron-fwaas,openstack/neutron,0.00013224258311613743,0.07798617966436328
openstack/tripleo-common,openstack/python-tripleoclient,0.00045196832204249507,0.07792207792207792
openstack/tripleo-puppet-elements,openstack/tripleo-heat-templates,6.193639968730488e-05,0.07789473684210527
openstack/openstack-ansible-tests,openstack/openstack-ansible,0.00013559049661274853,0.07736389684813753
openstack/openstack-ansible-repo_server,openstack/openstack-ansible,5.524057269408273e-05,0.07674418604651163
openstack/openstack-ansible-plugins,openstack/openstack-ansible,6.695826993222149e-05,0.07633587786259542
openstack/openstack-ansible-os_nova,openstack/openstack-ansible,0.00013726445336105405,0.07509157509157509
openstack/openstack-ansible-os_designate,openstack/openstack-ansible-os_glance,5.8588486190693806e-05,0.07368421052631578
openstack/networking-ovn,openstack/neutron,0.00027620286347041363,0.07366071428571429
openstack/openstack-ansible-galera_client,openstack/openstack-ansible-galera_server,5.021870244916612e-05,0.07352941176470588
openstack/openstack-ansible-os_sahara,openstack/openstack-ansible-os_nova,5.189265919747166e-05,0.07311320754716981
openstack/openstack-ansible-galera_server,openstack/openstack-ansible,8.202388066697132e-05,0.07291666666666667
openstack/cookbook-openstack-common,openstack/cookbook-openstack-compute,5.524057269408273e-05,0.0728476821192053
openstack/sahara-tests,openstack/sahara,5.189265919747166e-05,0.07276995305164319
openstack/openstack-ansible-os_heat,openstack/openstack-ansible-os_glance,6.528431318391596e-05,0.07195571955719557
openstack/python-zunclient,openstack/zun,6.695826993222149e-05,0.07194244604316546
openstack/openstack-ansible-os_glance,openstack/openstack-ansible-os_nova,7.867596717036025e-05,0.0717557251908397
openstack/openstack-ansible-os_ironic,openstack/openstack-ansible,6.528431318391596e-05,0.07169117647058823
openstack/os-win,openstack/compute-hyperv,5.691452944238827e-05,0.07157894736842105
openstack/openstack-ansible-os_cinder,openstack/openstack-ansible-os_nova,9.206762115680455e-05,0.0710594315245478
openstack/openstack-ansible-os_keystone,openstack/openstack-ansible,0.00010211136164663778,0.07093023255813953
openstack/openstack-ansible-os_cinder,openstack/openstack-ansible-os_glance,9.039366440849902e-05,0.06976744186046512
openstack/puppet-tempest,openstack/puppet-openstack-integration,6.528431318391596e-05,0.06964285714285715
openstack/openstack-ansible-os_designate,openstack/openstack-ansible-os_cinder,5.524057269408273e-05,0.06947368421052631
openstack/openstack-ansible-os_designate,openstack/openstack-ansible,5.524057269408273e-05,0.06947368421052631
openstack/openstack-ansible-openstack_hosts,openstack/openstack-ansible,7.365409692544365e-05,0.06907378335949764
openstack/tripleo-ci,openstack/tripleo-quickstart-extras,0.00048377350026030026,0.06846718787017295
openstack/openstack-ansible-os_heat,openstack/openstack-ansible-os_cinder,6.193639968730488e-05,0.06826568265682657
openstack/compute-hyperv,openstack/os-win,5.691452944238827e-05,0.06786427145708583
openstack/cookbook-openstack-compute,openstack/cookbook-openstack-common,5.524057269408273e-05,0.06748466257668712
openstack/openstack-ansible-os_designate,openstack/openstack-ansible-os_keystone,5.356661594577719e-05,0.06736842105263158
openstack/openstack-ansible-os_gnocchi,openstack/openstack-ansible,5.189265919747166e-05,0.0668103448275862
openstack/openstack-ansible-os_barbican,openstack/openstack-ansible-os_designate,5.189265919747166e-05,0.0668103448275862
openstack/openstack-ansible-os_aodh,openstack/openstack-ansible,5.8588486190693806e-05,0.0661625708884688
openstack/openstack-ansible-os_designate,openstack/openstack-ansible-os_barbican,5.189265919747166e-05,0.06526315789473684
openstack/openstack-ansible-os_designate,openstack/openstack-ansible-os_heat,5.189265919747166e-05,0.06526315789473684
openstack/cookbook-openstack-network,openstack/cookbook-openstack-compute,5.021870244916612e-05,0.06479481641468683
openstack/openstack-ansible-os_gnocchi,openstack/openstack-ansible-os_aodh,5.021870244916612e-05,0.06465517241379311
openstack/openstack-ansible-os_aodh,openstack/openstack-ansible-os_cinder,5.691452944238827e-05,0.06427221172022685
openstack/openstack-ansible-os_aodh,openstack/openstack-ansible-os_glance,5.691452944238827e-05,0.06427221172022685
openstack/openstack-ansible-os_glance,openstack/openstack-ansible-os_neutron,7.030618342883256e-05,0.06412213740458016
openstack/openstack-ansible-os_magnum,openstack/openstack-ansible,5.524057269408273e-05,0.06382978723404255
openstack/tripleo-heat-templates,openstack/puppet-tripleo,0.0011985530317867646,0.0634583000974918
openstack/cookbook-openstack-compute,openstack/cookbook-openstack-identity,5.189265919747166e-05,0.06339468302658487
openstack/openstack-ansible-os_designate,openstack/openstack-ansible-os_magnum,5.021870244916612e-05,0.06315789473684211
openstack/openstack-ansible-os_designate,openstack/openstack-ansible-os_ironic,5.021870244916612e-05,0.06315789473684211
openstack/devstack-gate,openstack/devstack,0.00017911337206869248,0.06308962264150944
openstack/openstack-ansible-os_keystone,openstack/openstack-ansible-os_glance,9.039366440849902e-05,0.06279069767441861
openstack/openstack-ansible-os_ironic,openstack/openstack-ansible-os_cinder,5.691452944238827e-05,0.0625
openstack/openstack-ansible-os_cinder,openstack/openstack-ansible-os_keystone,8.034992391866579e-05,0.06201550387596899
openstack/kolla-ansible,openstack/kolla,0.0005674713376755771,0.061929119473876505
openstack/cookbook-openstack-compute,openstack/cookbook-openstack-network,5.021870244916612e-05,0.06134969325153374
openstack/openstack-ansible-lxc_hosts,openstack/openstack-ansible,8.202388066697132e-05,0.06117353308364544
openstack/openstack-ansible-os_heat,openstack/openstack-ansible,5.524057269408273e-05,0.06088560885608856
openstack/openstack-ansible-os_heat,openstack/openstack-ansible-os_keystone,5.524057269408273e-05,0.06088560885608856
openstack/openstack-ansible-os_heat,openstack/openstack-ansible-os_nova,5.524057269408273e-05,0.06088560885608856
openstack/openstack-ansible-os_horizon,openstack/openstack-ansible-os_keystone,6.026244293899934e-05,0.059900166389351084
openstack/tripleo-ci,openstack/tripleo-quickstart,0.0004218371005729954,0.05970149253731343
openstack/openstack-ansible-lxc_container_create,openstack/openstack-ansible,5.021870244916612e-05,0.05964214711729622
openstack/openstack-ansible-os_glance,openstack/openstack-ansible-tests,6.528431318391596e-05,0.059541984732824425
openstack/openstack-ansible-os_glance,openstack/openstack-ansible-os_heat,6.528431318391596e-05,0.059541984732824425
openstack/python-manilaclient,openstack/manila,9.206762115680455e-05,0.059203444564047365
openstack/openstack-ansible-os_heat,openstack/openstack-ansible-os_neutron,5.356661594577719e-05,0.05904059040590406
openstack/openstack-ansible-os_ironic,openstack/openstack-ansible-os_nova,5.356661594577719e-05,0.058823529411764705
openstack/tripleo-docs,openstack/tripleo-heat-templates,0.00010880718863985992,0.05877034358047016
openstack/openstack-ansible-os_aodh,openstack/openstack-ansible-os_ceilometer,5.189265919747166e-05,0.05860113421550094
openstack/neutron-lbaas,openstack/neutron,0.00012722071287122084,0.05850654349499615
openstack/neutron-vpnaas,openstack/neutron-lbaas,8.53717941635824e-05,0.058486238532110095
openstack/openstack-ansible-os_horizon,openstack/openstack-ansible-os_glance,5.8588486190693806e-05,0.05823627287853577
openstack/openstack-ansible-os_keystone,openstack/openstack-ansible-tests,8.369783741527686e-05,0.05813953488372093
openstack/openstack-ansible-os_magnum,openstack/openstack-ansible-os_designate,5.021870244916612e-05,0.058027079303675046
openstack/charm-ceph-mon,openstack/charms.ceph,5.021870244916612e-05,0.057692307692307696
openstack/openstack-ansible-rabbitmq_server,openstack/openstack-ansible,5.189265919747166e-05,0.05762081784386617
openstack/neutron-vpnaas,openstack/neutron-fwaas,8.369783741527686e-05,0.05733944954128441
openstack/neutron-fwaas,openstack/neutron-lbaas,9.708949140172116e-05,0.05725567620927937
openstack/openstack-ansible-os_heat,openstack/openstack-ansible-os_ironic,5.189265919747166e-05,0.05719557195571956
openstack/openstack-ansible-os_heat,openstack/openstack-ansible-os_designate,5.189265919747166e-05,0.05719557195571956
openstack/openstack-ansible-os_ironic,openstack/openstack-ansible-os_heat,5.189265919747166e-05,0.05698529411764706
openstack/openstack-ansible-os_aodh,openstack/openstack-ansible-os_keystone,5.021870244916612e-05,0.05671077504725898
openstack/openstack-ansible-os_aodh,openstack/openstack-ansible-os_nova,5.021870244916612e-05,0.05671077504725898
openstack/openstack-ansible-os_aodh,openstack/openstack-ansible-os_gnocchi,5.021870244916612e-05,0.05671077504725898
openstack/openstack-ansible-os_aodh,openstack/openstack-ansible-os_heat,5.021870244916612e-05,0.05671077504725898
openstack/openstack-ansible-os_horizon,openstack/openstack-ansible-os_cinder,5.691452944238827e-05,0.056572379367720464
openstack/openstack-ansible-galera_server,openstack/openstack-ansible-tests,6.361035643561042e-05,0.05654761904761905
openstack/openstack-ansible-openstack_hosts,openstack/openstack-ansible-tests,6.026244293899934e-05,0.0565149136577708
openstack/openstack-ansible-os_neutron,openstack/openstack-ansible-os_nova,0.00010043740489833224,0.05612722170252572
openstack/openstack-ansible-os_keystone,openstack/openstack-ansible-os_cinder,8.034992391866579e-05,0.05581395348837209
openstack/openstack-ansible-os_cinder,openstack/openstack-ansible-os_neutron,7.19801401771381e-05,0.05555555555555555
openstack/tripleo-ansible,openstack/python-tripleoclient,0.00019585293955174787,0.05537150970184572
openstack/openstack-ansible-os_heat,openstack/openstack-ansible-os_aodh,5.021870244916612e-05,0.055350553505535055
openstack/instack-undercloud,openstack/tripleo-heat-templates,9.708949140172116e-05,0.05534351145038168
openstack/openstack-ansible-os_ironic,openstack/openstack-ansible-os_designate,5.021870244916612e-05,0.05514705882352941
openstack/openstack-ansible-os_ironic,openstack/openstack-ansible-os_glance,5.021870244916612e-05,0.05514705882352941
openstack/openstack-ansible-os_swift,openstack/openstack-ansible,6.026244293899934e-05,0.0549618320610687
openstack/openstack-ansible-os_nova,openstack/openstack-ansible-os_neutron,0.00010043740489833224,0.054945054945054944
openstack/puppet-openstacklib,openstack/puppet-keystone,5.691452944238827e-05,0.05466237942122187
openstack/python-magnumclient,openstack/magnum,6.863222668052703e-05,0.05408970976253298
openstack/networking-bagpipe,openstack/networking-bgpvpn,6.863222668052703e-05,0.05394736842105263
openstack/openstack-ansible-os_glance,openstack/openstack-ansible-os_horizon,5.8588486190693806e-05,0.05343511450381679
openstack/openstack-ansible-os_glance,openstack/openstack-ansible-os_designate,5.8588486190693806e-05,0.05343511450381679
openstack/openstack-ansible-os_horizon,openstack/openstack-ansible-os_neutron,5.356661594577719e-05,0.05324459234608985
openstack/openstack-ansible-os_tempest,openstack/openstack-ansible-os_keystone,6.863222668052703e-05,0.052496798975672214
openstack/openstack-ansible-os_glance,openstack/openstack-ansible-os_aodh,5.691452944238827e-05,0.051908396946564885
openstack/openstack-ansible-os_glance,openstack/openstack-ansible-os_tempest,5.691452944238827e-05,0.051908396946564885
openstack/grenade,openstack/devstack-gate,6.193639968730488e-05,0.05182072829131653
openstack/openstack-ansible-os_ceilometer,openstack/openstack-ansible,5.356661594577719e-05,0.05128205128205128
openstack/openstack-ansible-os_tempest,openstack/openstack-ansible-os_nova,6.695826993222149e-05,0.05121638924455826
openstack/openstack-ansible-os_tempest,openstack/openstack-ansible-os_neutron,6.695826993222149e-05,0.05121638924455826
openstack/openstack-ansible-lxc_hosts,openstack/openstack-ansible-lxc_container_create,6.863222668052703e-05,0.05118601747815231
openstack/openstack-ansible-lxc_hosts,openstack/openstack-ansible-tests,6.863222668052703e-05,0.05118601747815231
openstack/openstack-ansible-os_keystone,openstack/openstack-ansible-os_neutron,7.365409692544365e-05,0.05116279069767442
openstack/openstack-ansible-os_swift,openstack/openstack-ansible-os_nova,5.524057269408273e-05,0.050381679389312976
openstack/openstack-ansible-os_nova,openstack/openstack-ansible-os_cinder,9.206762115680455e-05,0.05036630036630037
openstack/openstack-ansible-os_keystone,openstack/openstack-ansible-os_nova,7.19801401771381e-05,0.05
openstack/openstack-ansible-os_tempest,openstack/openstack-ansible-tests,6.528431318391596e-05,0.0499359795134443
openstack/puppet-ceph,openstack/puppet-openstack-integration,5.356661594577719e-05,0.0499219968798752
openstack/openstack-ansible-os_horizon,openstack/openstack-ansible-os_nova,5.021870244916612e-05,0.04991680532445923
openstack/openstack-ansible-os_ceilometer,openstack/openstack-ansible-os_aodh,5.189265919747166e-05,0.049679487179487176
openstack/python-mistralclient,openstack/mistral,5.691452944238827e-05,0.049635036496350364
openstack/neutron-fwaas,openstack/neutron-vpnaas,8.369783741527686e-05,0.049358341559723594
openstack/openstack-ansible-os_swift,openstack/openstack-ansible-os_glance,5.356661594577719e-05,0.04885496183206107
openstack/openstack-ansible-os_glance,openstack/openstack-ansible-os_swift,5.356661594577719e-05,0.04885496183206107
openstack/ironic-python-agent,openstack/ironic,0.00012889466961952636,0.048549810844892814
openstack/openstack-ansible-os_cinder,openstack/openstack-ansible-os_heat,6.193639968730488e-05,0.04780361757105943
openstack/openstack-ansible-tests,openstack/openstack-ansible-os_keystone,8.369783741527686e-05,0.04775549188156638
openstack/openstack-ansible-os_keystone,openstack/openstack-ansible-os_tempest,6.863222668052703e-05,0.047674418604651166
openstack/openstack-helm-infra,openstack/openstack-helm,0.00024439768525260844,0.047510575984380084
openstack/openstack-ansible-os_swift,openstack/openstack-ansible-os_cinder,5.189265919747166e-05,0.04732824427480916
openstack/tripleo-ansible,openstack/tripleo-common,0.00016739567483055372,0.047326076668244205
openstack/openstack-ansible-openstack_hosts,openstack/openstack-ansible-lxc_hosts,5.021870244916612e-05,0.04709576138147567
openstack/openstack-ansible-tests,openstack/openstack-ansible-os_neutron,8.202388066697132e-05,0.04680038204393505
openstack/puppet-nova,openstack/tripleo-heat-templates,0.0001523300640958039,0.046122655854029394
openstack/openstack-ansible-os_neutron,openstack/openstack-ansible-tests,8.202388066697132e-05,0.04583723105706267
openstack/openstack-ansible-os_glance,openstack/openstack-ansible-os_ironic,5.021870244916612e-05,0.04580152671755725
openstack/instack-undercloud,openstack/puppet-tripleo,8.034992391866579e-05,0.04580152671755725
openstack/openstack-ansible-os_swift,openstack/openstack-ansible-os_keystone,5.021870244916612e-05,0.04580152671755725
openstack/openstack-ansible-os_swift,openstack/openstack-ansible-os_neutron,5.021870244916612e-05,0.04580152671755725
openstack/openstack-ansible-os_cinder,openstack/openstack-ansible-os_tempest,5.8588486190693806e-05,0.04521963824289406
openstack/tripleo-docs,openstack/python-tripleoclient,8.369783741527686e-05,0.045207956600361664
openstack/placement,openstack/nova,5.691452944238827e-05,0.04491413474240423
openstack/networking-bgpvpn,openstack/networking-bagpipe,6.863222668052703e-05,0.044857768052516414
openstack/grenade,openstack/nova,5.356661594577719e-05,0.04481792717086835
openstack/openstack-ansible-os_tempest,openstack/openstack-ansible-os_cinder,5.8588486190693806e-05,0.04481434058898848
openstack/devstack-gate,openstack/project-config,0.00012722071287122084,0.04481132075471698
openstack/neutron-lbaas,openstack/neutron-fwaas,9.708949140172116e-05,0.044649730561970746
openstack/openstack-ansible-galera_server,openstack/openstack-ansible-galera_client,5.021870244916612e-05,0.044642857142857144
openstack/kolla,openstack/kolla-ansible,0.0005674713376755771,0.04452324665090623
openstack/openstack-helm,openstack/openstack-helm-infra,0.00024439768525260844,0.04451219512195122
openstack/openstack-ansible-os_cinder,openstack/openstack-ansible-os_ironic,5.691452944238827e-05,0.04392764857881137
openstack/openstack-ansible-os_cinder,openstack/openstack-ansible-os_horizon,5.691452944238827e-05,0.04392764857881137
openstack/openstack-ansible-os_cinder,openstack/openstack-ansible-os_aodh,5.691452944238827e-05,0.04392764857881137
openstack/tripleo-common,openstack/tripleo-ci,0.0002544414257424417,0.04386724386724387
openstack/openstack-ansible-os_tempest,openstack/openstack-ansible-os_glance,5.691452944238827e-05,0.04353393085787452
openstack/python-ironicclient,openstack/ironic,8.871970766019348e-05,0.04333605887162715
openstack/openstack-ansible-os_nova,openstack/openstack-ansible-os_glance,7.867596717036025e-05,0.04304029304029304
openstack/puppet-keystone,openstack/puppet-openstack-integration,9.87634481500267e-05,0.043034281546316555
openstack/openstack-ansible-tests,openstack/openstack-ansible-os_nova,7.532805367374918e-05,0.04297994269340974
openstack/tripleo-upgrade,openstack/tripleo-heat-templates,5.8588486190693806e-05,0.042735042735042736
openstack/openstack-ansible-os_cinder,openstack/openstack-ansible-tests,5.524057269408273e-05,0.04263565891472868
openstack/openstack-ansible-os_cinder,openstack/openstack-ansible-os_designate,5.524057269408273e-05,0.04263565891472868
openstack/puppet-heat,openstack/puppet-keystone,5.691452944238827e-05,0.042131350681536554
openstack/openstack-ansible-os_keystone,openstack/openstack-ansible-os_horizon,6.026244293899934e-05,0.04186046511627907
openstack/python-tripleoclient,openstack/tripleo-ansible,0.00019585293955174787,0.04180064308681672
openstack/python-troveclient,openstack/trove,6.193639968730488e-05,0.041340782122905026
openstack/openstack-ansible-os_nova,openstack/openstack-ansible-tests,7.532805367374918e-05,0.04120879120879121
openstack/openstack-ansible-os_neutron,openstack/openstack-ansible-os_keystone,7.365409692544365e-05,0.0411599625818522
openstack/puppet-heat,openstack/puppet-nova,5.524057269408273e-05,0.040892193308550186
openstack/python-tripleoclient,openstack/tripleo-ci,0.00019083106930683125,0.04072883172561629
openstack/openstack-ansible-os_neutron,openstack/openstack-ansible-os_cinder,7.19801401771381e-05,0.040224508886810104
openstack/openstack-ansible-os_cinder,openstack/openstack-ansible-os_swift,5.189265919747166e-05,0.040051679586563305
openstack/puppet-heat,openstack/puppet-neutron,5.356661594577719e-05,0.03965303593556382
openstack/openstack-ansible-os_nova,openstack/openstack-ansible-os_keystone,7.19801401771381e-05,0.039377289377289376
openstack/openstack-ansible-os_neutron,openstack/openstack-ansible-os_glance,7.030618342883256e-05,0.03928905519176801
openstack/neutron-lbaas,openstack/neutron-vpnaas,8.53717941635824e-05,0.03926096997690531
openstack/openstack-ansible-tests,openstack/openstack-ansible-lxc_hosts,6.863222668052703e-05,0.039159503342884434
openstack/glance_store,openstack/glance,5.691452944238827e-05,0.03876852907639681
openstack/puppet-ceilometer,openstack/puppet-nova,5.524057269408273e-05,0.038506417736289385
openstack/puppet-heat,openstack/puppet-glance,5.189265919747166e-05,0.03841387856257745
openstack/openstack-ansible-os_keystone,openstack/openstack-ansible-os_heat,5.524057269408273e-05,0.03837209302325582
openstack/kuryr-kubernetes,openstack/kuryr-tempest-plugin,0.00011215510213647099,0.03822019395322305
openstack/instack-undercloud,openstack/tripleo-ci,6.695826993222149e-05,0.03816793893129771
openstack/os-brick,openstack/cinder,6.193639968730488e-05,0.03806584362139918
openstack/tripleo-heat-templates,openstack/tripleo-common,0.0007097576612815478,0.037578658158291235
openstack/openstack-ansible-lxc_hosts,openstack/openstack-ansible-openstack_hosts,5.021870244916612e-05,0.03745318352059925
openstack/openstack-ansible-os_neutron,openstack/openstack-ansible-os_tempest,6.695826993222149e-05,0.037418147801683815
openstack/tripleo-quickstart-extras,openstack/tripleo-common,0.0001841352423136091,0.03741496598639456
openstack/openstack-ansible-tests,openstack/openstack-ansible-os_glance,6.528431318391596e-05,0.03724928366762178
openstack/openstack-ansible-tests,openstack/openstack-ansible-os_tempest,6.528431318391596e-05,0.03724928366762178
openstack/openstack-ansible-os_keystone,openstack/openstack-ansible-os_designate,5.356661594577719e-05,0.037209302325581395
openstack/networking-bgpvpn,openstack/neutron,5.691452944238827e-05,0.037199124726477024
openstack/puppet-heat,openstack/puppet-cinder,5.021870244916612e-05,0.03717472118959108
openstack/openstack-ansible-os_nova,openstack/openstack-ansible-os_tempest,6.695826993222149e-05,0.03663003663003663
openstack/openstack-ansible-tests,openstack/openstack-ansible-galera_server,6.361035643561042e-05,0.03629417382999045
openstack/puppet-ceilometer,openstack/puppet-neutron,5.189265919747166e-05,0.03617269544924154
openstack/tripleo-ci,openstack/tripleo-common,0.0002544414257424417,0.036010424070125564
openstack/kayobe,openstack/kolla-ansible,7.19801401771381e-05,0.035833333333333335
openstack/python-tripleoclient,openstack/tripleo-quickstart-extras,0.00016739567483055372,0.03572704537334762
openstack/puppet-neutron,openstack/tripleo-heat-templates,0.00010211136164663778,0.03511801957397812
openstack/tripleo-heat-templates,openstack/tripleo-ci,0.0006612129155806872,0.035008419746521316
openstack/openstack-ansible-os_keystone,openstack/openstack-ansible-os_swift,5.021870244916612e-05,0.03488372093023256
openstack/openstack-ansible-os_keystone,openstack/openstack-ansible-os_aodh,5.021870244916612e-05,0.03488372093023256
openstack/puppet-nova,openstack/puppet-openstack-integration,0.00011382905888477654,0.03446528129751647
openstack/openstack-ansible-tests,openstack/openstack-ansible-openstack_hosts,6.026244293899934e-05,0.034383954154727794
openstack/puppet-glance,openstack/puppet-nova,5.8588486190693806e-05,0.03434739941118744
openstack/aodh,openstack/ceilometer,5.8588486190693806e-05,0.034079844206426485
openstack/puppet-ironic,openstack/puppet-neutron,5.189265919747166e-05,0.03402854006586169
openstack/tripleo-quickstart-extras,openstack/python-tripleoclient,0.00016739567483055372,0.034013605442176874
openstack/puppet-glance,openstack/puppet-cinder,5.691452944238827e-05,0.033366045142296366
openstack/ironic-inspector,openstack/ironic,8.202388066697132e-05,0.033152909336941816
openstack/project-config,openstack/governance,0.0009524813897858508,0.032599977082617165
openstack/networking-midonet,openstack/neutron,7.030618342883256e-05,0.032583397982932506
openstack/instack-undercloud,openstack/tripleo-common,5.691452944238827e-05,0.03244274809160305
openstack/puppet-glance,openstack/puppet-keystone,5.524057269408273e-05,0.0323846908734053
openstack/tripleo-common,openstack/tripleo-quickstart-extras,0.0001841352423136091,0.031746031746031744
openstack/openstack-ansible-tests,openstack/openstack-ansible-os_cinder,5.524057269408273e-05,0.03151862464183381
openstack/puppet-glance,openstack/puppet-neutron,5.356661594577719e-05,0.03140333660451423
openstack/vitrage,openstack/vitrage-tempest-plugin,9.206762115680455e-05,0.03128555176336746
openstack/sahara-dashboard,openstack/horizon,5.021870244916612e-05,0.030800821355236138
openstack/puppet-glance,openstack/puppet-heat,5.189265919747166e-05,0.03042198233562316
openstack/openstack-ansible-os_nova,openstack/openstack-ansible-os_heat,5.524057269408273e-05,0.03021978021978022
openstack/openstack-ansible-os_nova,openstack/openstack-ansible-os_swift,5.524057269408273e-05,0.03021978021978022
openstack/openstack-ansible-os_neutron,openstack/openstack-ansible-os_heat,5.356661594577719e-05,0.029934518241347054
openstack/openstack-ansible-os_neutron,openstack/openstack-ansible-os_horizon,5.356661594577719e-05,0.029934518241347054
openstack/shade,openstack/openstacksdk,8.53717941635824e-05,0.029685681024447033
openstack/devstack,openstack/nova,0.00039337983585180125,0.029574628744022148
openstack/puppet-glance,openstack/puppet-openstack-integration,5.021870244916612e-05,0.029440628066732092
openstack/puppet-cinder,openstack/puppet-nova,6.026244293899934e-05,0.029411764705882353
openstack/puppet-neutron,openstack/puppet-openstack-integration,8.53717941635824e-05,0.02936096718480138
openstack/openstack-ansible-os_nova,openstack/openstack-ansible-os_ironic,5.356661594577719e-05,0.029304029304029304
openstack/puppet-tripleo,openstack/tripleo-common,0.00013726445336105405,0.02926481084939329
openstack/tripleo-common,openstack/tripleo-ansible,0.00016739567483055372,0.02886002886002886
openstack/puppet-openstack-integration,openstack/puppet-nova,0.00011382905888477654,0.028523489932885907
openstack/tripleo-quickstart,openstack/tripleo-common,0.00014228632360597067,0.02839011356045424
openstack/openstack-ansible-os_nova,openstack/openstack-ansible-os_sahara,5.189265919747166e-05,0.028388278388278388
openstack/openstack-ansible-os_neutron,openstack/openstack-ansible-os_swift,5.021870244916612e-05,0.02806361085126286
openstack/puppet-cinder,openstack/puppet-glance,5.691452944238827e-05,0.027777777777777776
openstack/puppet-cinder,openstack/puppet-keystone,5.691452944238827e-05,0.027777777777777776
openstack/puppet-keystone,openstack/puppet-nova,6.361035643561042e-05,0.027716994894237783
openstack/python-cinderclient,openstack/cinder,7.365409692544365e-05,0.027707808564231738
openstack/tripleo-heat-templates,openstack/tripleo-ansible,0.0005206005487230221,0.02756359124346362
openstack/puppet-tripleo,openstack/tripleo-ci,0.00012889466961952636,0.027480371163454677
openstack/openstack-ansible-os_nova,openstack/openstack-ansible-os_horizon,5.021870244916612e-05,0.027472527472527472
openstack/openstack-ansible-os_nova,openstack/openstack-ansible-os_aodh,5.021870244916612e-05,0.027472527472527472
openstack/tripleo-docs,openstack/tripleo-common,5.021870244916612e-05,0.027124773960216998
openstack/tripleo-ci,openstack/python-tripleoclient,0.00019083106930683125,0.02700781805259417
openstack/python-novaclient,openstack/nova,0.00011215510213647099,0.02698348771647201
openstack/puppet-cinder,openstack/tripleo-heat-templates,5.524057269408273e-05,0.02696078431372549
openstack/puppet-cinder,openstack/puppet-openstack-integration,5.524057269408273e-05,0.02696078431372549
openstack/puppet-keystone,openstack/puppet-neutron,5.8588486190693806e-05,0.025528811086797956
openstack/puppet-cinder,openstack/puppet-neutron,5.189265919747166e-05,0.025326797385620915
openstack/openstacksdk,openstack/python-openstackclient,0.00013224258311613743,0.02530429212043562
openstack/puppet-keystone,openstack/puppet-openstacklib,5.691452944238827e-05,0.024799416484318017
openstack/puppet-keystone,openstack/puppet-cinder,5.691452944238827e-05,0.024799416484318017
openstack/puppet-keystone,openstack/puppet-heat,5.691452944238827e-05,0.024799416484318017
openstack/devstack-gate,openstack/nova,7.030618342883256e-05,0.024764150943396228
openstack/puppet-openstack-integration,openstack/puppet-keystone,9.87634481500267e-05,0.024748322147651006
openstack/tripleo-common,openstack/tripleo-quickstart,0.00014228632360597067,0.024531024531024532
openstack/puppet-cinder,openstack/puppet-heat,5.021870244916612e-05,0.024509803921568627
openstack/puppet-keystone,openstack/puppet-glance,5.524057269408273e-05,0.024070021881838075
openstack/project-config,openstack/openstack-zuul-jobs,0.0007030618342883256,0.02406325197662427
openstack/python-neutronclient,openstack/neutron,6.361035643561042e-05,0.023824451410658306
openstack/tripleo-common,openstack/puppet-tripleo,0.00013726445336105405,0.023665223665223667
openstack/devstack,openstack/tempest,0.00030800804168821887,0.023156305059149257
openstack/openstack-ansible,openstack/releases,0.00024607164200091396,0.023091423185673893
openstack/puppet-neutron,openstack/puppet-nova,6.695826993222149e-05,0.023028209556706966
openstack/oslo-incubator,openstack/nova,8.871970766019348e-05,0.02296360485268631
openstack/tripleo-heat-templates,openstack/tripleo-quickstart,0.000426858970817912,0.02260037224142515
openstack/octavia,openstack/octavia-tempest-plugin,0.00011885092912969315,0.022468354430379745
openstack/networking-odl,openstack/neutron,6.193639968730488e-05,0.02205005959475566
openstack/puppet-keystone,openstack/tripleo-heat-templates,5.021870244916612e-05,0.02188183807439825
openstack/devstack-gate,openstack/grenade,6.193639968730488e-05,0.021816037735849055
openstack/tripleo-heat-templates,openstack/tripleo-quickstart-extras,0.00040677148983824554,0.02153682531241691
openstack/tripleo-heat-templates,openstack/python-tripleoclient,0.00040509753308994,0.021448196401666224
openstack/puppet-openstack-integration,openstack/puppet-neutron,8.53717941635824e-05,0.02139261744966443
openstack/python-tripleoclient,openstack/tripleo-quickstart,9.87634481500267e-05,0.021078956770275097
openstack/tempest,openstack/nova,0.00037831422511705145,0.021029124406811203
openstack/tripleo-ansible,openstack/tripleo-quickstart-extras,7.365409692544365e-05,0.02082347373402745
openstack/devstack-gate,openstack/ironic,5.8588486190693806e-05,0.020636792452830188
openstack/puppet-nova,openstack/puppet-neutron,6.695826993222149e-05,0.02027369488089204
openstack/puppet-neutron,openstack/puppet-keystone,5.8588486190693806e-05,0.020149683362118594
openstack/python-openstackclient,openstack/openstacksdk,0.00013224258311613743,0.019789579158316632
openstack/openstack-zuul-jobs,openstack/nova,5.021870244916612e-05,0.019762845849802372
openstack/tripleo-quickstart,openstack/python-tripleoclient,9.87634481500267e-05,0.0197060788243153
openstack/zun,openstack/python-zunclient,6.695826993222149e-05,0.01937046004842615
openstack/puppet-nova,openstack/puppet-keystone,6.361035643561042e-05,0.01926001013684744
openstack/python-keystoneclient,openstack/keystone,6.695826993222149e-05,0.01874414245548266
openstack/manila,openstack/manila-tempest-plugin,0.00013559049661274853,0.018629254829806808
openstack/puppet-neutron,openstack/puppet-heat,5.356661594577719e-05,0.018422567645365574
openstack/puppet-neutron,openstack/puppet-glance,5.356661594577719e-05,0.018422567645365574
openstack/puppet-nova,openstack/puppet-cinder,6.026244293899934e-05,0.01824632539280284
openstack/tripleo-ci,openstack/puppet-tripleo,0.00012889466961952636,0.01824212271973466
openstack/devstack,openstack/neutron,0.00024104977175599737,0.018122325698464635
openstack/python-tripleoclient,openstack/tripleo-docs,8.369783741527686e-05,0.01786352268667381
openstack/puppet-neutron,openstack/puppet-cinder,5.189265919747166e-05,0.017846862406447898
openstack/puppet-neutron,openstack/puppet-ceilometer,5.189265919747166e-05,0.017846862406447898
openstack/puppet-neutron,openstack/puppet-ironic,5.189265919747166e-05,0.017846862406447898
openstack/puppet-nova,openstack/puppet-glance,5.8588486190693806e-05,0.017739483020780537
openstack/murano-dashboard,openstack/murano,5.691452944238827e-05,0.017644006227296314
openstack/puppet-tripleo,openstack/instack-undercloud,8.034992391866579e-05,0.017130620985010708
openstack/tempest,openstack/devstack,0.00030800804168821887,0.017121057039173722
openstack/puppet-nova,openstack/puppet-heat,5.524057269408273e-05,0.016725798276735936
openstack/puppet-nova,openstack/puppet-ceilometer,5.524057269408273e-05,0.016725798276735936
openstack/tripleo-ansible,openstack/puppet-tripleo,5.8588486190693806e-05,0.01656412683388547
openstack/tripleo-ansible,openstack/tripleo-ci,5.8588486190693806e-05,0.01656412683388547
openstack/puppet-openstack-integration,openstack/puppet-tempest,6.528431318391596e-05,0.016359060402684564
openstack/openstacksdk,openstack/shade,8.53717941635824e-05,0.016335682254964765
openstack/rpm-packaging,openstack/requirements,0.00011885092912969315,0.016140031825414868
openstack/tripleo-ansible,openstack/tripleo-quickstart,5.691452944238827e-05,0.01609086606720303
openstack/zun,openstack/zun-tempest-plugin,5.524057269408273e-05,0.015980629539951573
openstack/networking-ovn,openstack/ovn-octavia-provider,5.8588486190693806e-05,0.015625
openstack/diskimage-builder,openstack/project-config,8.369783741527686e-05,0.015248551387618176
openstack/tripleo-quickstart-extras,openstack/tripleo-ansible,7.365409692544365e-05,0.014965986394557823
openstack/requirements,openstack/releases,0.0002611372527356638,0.014636892475136049
openstack/fuel-main,openstack/fuel-web,5.8588486190693806e-05,0.014344262295081968
openstack/python-tripleoclient,openstack/puppet-tripleo,6.528431318391596e-05,0.013933547695605574
openstack/puppet-tripleo,openstack/python-tripleoclient,6.528431318391596e-05,0.013918629550321198
openstack/puppet-openstack-integration,openstack/puppet-cinder,5.524057269408273e-05,0.013842281879194632
openstack/openstack-ansible,openstack/openstack-ansible-os_neutron,0.00014563423710258174,0.013666352497643733
openstack/devstack,openstack/devstack-gate,0.00017911337206869248,0.01346589478983136
openstack/oslo-incubator,openstack/neutron,5.189265919747166e-05,0.013431542461005199
openstack/oslo-incubator,openstack/cinder,5.189265919747166e-05,0.013431542461005199
openstack/puppet-openstack-integration,openstack/puppet-ceph,5.356661594577719e-05,0.013422818791946308
openstack/glance,openstack/nova,0.00012387279937460977,0.013398515299655984
openstack/requirements,openstack/nova,0.0002377018582593863,0.013323325201726403
openstack/openstack-ansible,openstack/openstack-ansible-os_nova,0.00013726445336105405,0.012880929940307886
openstack/openstack-ansible,openstack/openstack-ansible-tests,0.00013559049661274853,0.012723845428840716
openstack/manila,openstack/python-manilaclient,9.206762115680455e-05,0.012649494020239191
openstack/ironic,openstack/ironic-tempest-plugin,0.00018246128556530355,0.012609902822767237
openstack/puppet-openstack-integration,openstack/puppet-glance,5.021870244916612e-05,0.012583892617449664
openstack/puppet-tripleo,openstack/tripleo-ansible,5.8588486190693806e-05,0.012491077801570306
openstack/puppet-tripleo,openstack/tripleo-quickstart-extras,5.8588486190693806e-05,0.012491077801570306
openstack/cinder,openstack/nova,0.00030298617144330225,0.012450987136272958
openstack/releases,openstack/requirements,0.0002611372527356638,0.012345679012345678
openstack/murano,openstack/murano-dashboard,5.691452944238827e-05,0.012278801011195377
openstack/requirements,openstack/project-config,0.00021761437727971984,0.012197410395946707
openstack/tripleo-quickstart-extras,openstack/puppet-tripleo,5.8588486190693806e-05,0.011904761904761904
openstack/releases,openstack/openstack-ansible,0.00024607164200091396,0.011633428300094967
openstack/tripleo-quickstart,openstack/tripleo-ansible,5.691452944238827e-05,0.011356045424181697
openstack/mistral,openstack/python-mistralclient,5.691452944238827e-05,0.011232243145028081
openstack/glance,openstack/cinder,0.00010043740489833224,0.010863661053775122
openstack/puppet-tripleo,openstack/puppet-pacemaker,5.021870244916612e-05,0.010706638115631691
openstack/devstack,openstack/ironic,0.00014061236685766512,0.010571356657437704
openstack/devstack,openstack/project-config,0.0001389384101093596,0.010445507173420588
openstack/openstack-ansible,openstack/openstack-ansible-os_tempest,0.00011048114538816546,0.010367577756833177
openstack/trove,openstack/python-troveclient,6.193639968730488e-05,0.010195646183521631
openstack/trove,openstack/trove-integration,6.193639968730488e-05,0.010195646183521631
openstack/ironic,openstack/nova,0.0001473081938508873,0.01018047200370199
openstack/python-openstackclient,openstack/neutron,6.695826993222149e-05,0.01002004008016032
openstack/openstack-ansible,openstack/openstack-ansible-os_cinder,0.00010545927514324885,0.009896324222431668
openstack/designate,openstack/designate-tempest-plugin,5.691452944238827e-05,0.009843659525188187
openstack/tripleo-common,openstack/instack-undercloud,5.691452944238827e-05,0.009812409812409812
openstack/magnum,openstack/python-magnumclient,6.863222668052703e-05,0.009785202863961813
openstack/ironic,openstack/devstack,0.00014061236685766512,0.00971772327626099
openstack/openstacksdk,openstack/neutron,5.021870244916612e-05,0.009609224855861628
openstack/openstack-ansible,openstack/openstack-ansible-os_keystone,0.00010211136164663778,0.00958215519949733
openstack/tripleo-ci,openstack/instack-undercloud,6.695826993222149e-05,0.009476427386875147
openstack/fuel-web,openstack/fuel-library,8.369783741527686e-05,0.009439305267132339
openstack/fuel-library,openstack/fuel-web,8.369783741527686e-05,0.009279881217520415
openstack/openstack-ansible,openstack/openstack-ansible-os_glance,9.541553465341562e-05,0.008953817153628653
openstack/neutron,openstack/nova,0.00028122473371533025,0.008934744455671967
openstack/ironic,openstack/ironic-python-agent,0.00012889466961952636,0.00890791300323924
openstack/glance,openstack/neutron,8.202388066697132e-05,0.008871989860583017
openstack/glance,openstack/keystone,8.202388066697132e-05,0.008871989860583017
openstack/neutron,openstack/networking-ovn,0.00027620286347041363,0.008775195447534969
openstack/tripleo-common,openstack/kolla,5.021870244916612e-05,0.008658008658008658
openstack/tripleo-common,openstack/tripleo-docs,5.021870244916612e-05,0.008658008658008658
openstack/tempest,openstack/neutron,0.00015567797759241496,0.008653577742625849
openstack/devstack,openstack/grenade,0.00011215510213647099,0.00843191542914674
openstack/tripleo-ci,openstack/tripleo-ansible,5.8588486190693806e-05,0.008291873963515755
openstack/ceilometer,openstack/heat,7.19801401771381e-05,0.008195159138555366
openstack/neutron,openstack/neutron-lib,0.0002561153824907472,0.00813699941498697
openstack/tripleo-heat-templates,openstack/puppet-nova,0.0001523300640958039,0.008065230878312506
openstack/openstack-ansible,openstack/openstack-ansible-os_horizon,8.53717941635824e-05,0.008011310084825637
openstack/ceilometer,openstack/nova,7.030618342883256e-05,0.008004574042309892
openstack/kolla-ansible,openstack/kayobe,7.19801401771381e-05,0.007855316039459262
openstack/openstack-ansible,openstack/openstack-ansible-lxc_hosts,8.202388066697132e-05,0.007697141061891298
openstack/openstack-ansible,openstack/openstack-ansible-galera_server,8.202388066697132e-05,0.007697141061891298
openstack/neutron,openstack/devstack,0.00024104977175599737,0.007658352390575972
openstack/ceilometer,openstack/neutron,6.695826993222149e-05,0.007623403849818944
openstack/neutron,openstack/neutron-tempest-plugin,0.00023602790151108075,0.007498803382438973
openstack/project-config,openstack/requirements,0.00021761437727971984,0.0074481494213360835
openstack/requirements,openstack/neutron,0.00013224258311613743,0.007412272471382999
openstack/glance,openstack/requirements,6.695826993222149e-05,0.007242440702516748
openstack/releases,openstack/project-config,0.00015065610734749836,0.007122507122507123
openstack/sahara,openstack/sahara-tests,5.189265919747166e-05,0.007048658481127785
openstack/openstack-ansible,openstack/openstack-ansible-openstack_hosts,7.365409692544365e-05,0.006911718504555451
openstack/keystone,openstack/nova,0.00011215510213647099,0.006747910162151274
openstack/ceilometer,openstack/aodh,5.8588486190693806e-05,0.006670478368591576
openstack/requirements,openstack/rpm-packaging,0.00011885092912969315,0.006661662600863202
openstack/fuel-web,openstack/fuel-main,5.8588486190693806e-05,0.006607513686992637
openstack/nova,openstack/devstack,0.00039337983585180125,0.0066061338655722035
openstack/glance,openstack/devstack,6.026244293899934e-05,0.006518196632265073
openstack/ceilometer,openstack/cinder,5.691452944238827e-05,0.006479893272346103
openstack/nova,openstack/tempest,0.00037831422511705145,0.006353132994124757
openstack/keystone,openstack/neutron,0.00010545927514324885,0.006345049853963138
openstack/openstack-ansible,openstack/openstack-ansible-plugins,6.695826993222149e-05,0.006283380458686773
openstack/glance,openstack/glance_store,5.691452944238827e-05,0.006156074597139236
openstack/glance,openstack/horizon,5.691452944238827e-05,0.006156074597139236
openstack/ironic,openstack/python-ironicclient,8.871970766019348e-05,0.006131420638593244
openstack/openstack-ansible,openstack/openstack-ansible-os_octavia,6.528431318391596e-05,0.006126295947219604
openstack/openstack-ansible,openstack/openstack-ansible-os_ironic,6.528431318391596e-05,0.006126295947219604
openstack/devstack,openstack/cinder,8.034992391866579e-05,0.006040775232821546
openstack/keystone,openstack/cinder,9.87634481500267e-05,0.005942189545775003
openstack/cinder,openstack/neutron,0.00014228632360597067,0.00584714865515581
openstack/tempest,openstack/cinder,0.00010378531839494331,0.005769051828417233
openstack/tripleo-heat-templates,openstack/tripleo-docs,0.00010880718863985992,0.0057608791987946465
openstack/ironic,openstack/ironic-inspector,8.202388066697132e-05,0.005668671911152244
openstack/openstack-ansible,openstack/openstack-ansible-os_swift,6.026244293899934e-05,0.005655042412818096
openstack/glance,openstack/tempest,5.189265919747166e-05,0.0056128915444504796
openstack/heat,openstack/neutron,9.87634481500267e-05,0.005596130133738025
openstack/openstack-ansible,openstack/openstack-ansible-os_aodh,5.8588486190693806e-05,0.0054979579013509266
openstack/tripleo-heat-templates,openstack/puppet-neutron,0.00010211136164663778,0.0054063635557918995
openstack/openstack-ansible,openstack/openstack-ansible-repo_server,5.524057269408273e-05,0.0051837888784165885
openstack/openstack-ansible,openstack/openstack-ansible-os_heat,5.524057269408273e-05,0.0051837888784165885
openstack/openstack-ansible,openstack/openstack-ansible-os_magnum,5.524057269408273e-05,0.0051837888784165885
openstack/openstack-ansible,openstack/openstack-ansible-os_designate,5.524057269408273e-05,0.0051837888784165885
openstack/project-config,openstack/releases,0.00015065610734749836,0.005156411137848058
openstack/tripleo-heat-templates,openstack/instack-undercloud,9.708949140172116e-05,0.0051404768235398385
openstack/nova,openstack/cinder,0.00030298617144330225,0.005088128636887527
openstack/openstack-ansible,openstack/openstack-ansible-os_ceilometer,5.356661594577719e-05,0.005026704366949419
openstack/neutron,openstack/tempest,0.00015567797759241496,0.004946019252246982
openstack/keystone,openstack/glance,8.202388066697132e-05,0.0049350387753046634
openstack/requirements,openstack/cinder,8.704575091188795e-05,0.004878964158378683
openstack/openstack-ansible,openstack/openstack-ansible-rabbitmq_server,5.189265919747166e-05,0.00486961985548225
openstack/openstack-ansible,openstack/openstack-ansible-os_gnocchi,5.189265919747166e-05,0.00486961985548225
openstack/heat,openstack/nova,8.53717941635824e-05,0.004837332827468462
openstack/project-config,openstack/devstack,0.0001389384101093596,0.004755356938237653
openstack/nova,openstack/neutron,0.00028122473371533025,0.004722682933685661
openstack/openstack-ansible,openstack/openstack-ansible-lxc_container_create,5.021870244916612e-05,0.00471253534401508
openstack/ironic,openstack/neutron,6.695826993222149e-05,0.004627487274409995
openstack/keystone,openstack/requirements,7.532805367374918e-05,0.004532178467116527
openstack/devstack,openstack/requirements,6.026244293899934e-05,0.004530581424616159
openstack/devstack,openstack/glance,6.026244293899934e-05,0.004530581424616159
openstack/neutron,openstack/cinder,0.00014228632360597067,0.0045205552305483164
openstack/project-config,openstack/devstack-gate,0.00012722071287122084,0.004354302738627249
openstack/devstack,openstack/keystone,5.691452944238827e-05,0.004278882456581928
openstack/cinder,openstack/tempest,0.00010378531839494331,0.004264979019054826
openstack/requirements,openstack/horizon,7.532805367374918e-05,0.00422218052167386
openstack/requirements,openstack/keystone,7.532805367374918e-05,0.00422218052167386
openstack/neutron,openstack/requirements,0.00013224258311613743,0.0042014572142743175
openstack/neutron,openstack/neutron-fwaas,0.00013224258311613743,0.0042014572142743175
openstack/heat,openstack/cinder,7.365409692544365e-05,0.004173385184482595
openstack/cinder,openstack/glance,0.00010043740489833224,0.0041273990506982185
openstack/heat,openstack/ceilometer,7.19801401771381e-05,0.0040785355211988995
openstack/cinder,openstack/keystone,9.87634481500267e-05,0.004058609066519915
openstack/ironic,openstack/devstack-gate,5.8588486190693806e-05,0.004049051365108746
openstack/neutron,openstack/neutron-lbaas,0.00012722071287122084,0.0040419082061373185
openstack/keystone,openstack/python-keystoneclient,6.695826993222149e-05,0.004028603081881358
openstack/tempest,openstack/project-config,7.19801401771381e-05,0.004001116590676468
openstack/nova,openstack/requirements,0.0002377018582593863,0.003991791527281927
openstack/kolla,openstack/tripleo-common,5.021870244916612e-05,0.003940110323089046
openstack/ironic,openstack/project-config,5.691452944238827e-05,0.003933364183248496
openstack/neutron,openstack/neutron-vpnaas,0.00012219884262630422,0.003882359198000319
openstack/horizon,openstack/requirements,7.532805367374918e-05,0.003870967741935484
openstack/keystone,openstack/heat,6.361035643561042e-05,0.00382717292778729
openstack/ironic,openstack/requirements,5.524057269408273e-05,0.003817677001388246
openstack/requirements,openstack/glance,6.695826993222149e-05,0.0037530493525989865
openstack/heat,openstack/keystone,6.361035643561042e-05,0.003604287204780423
openstack/cinder,openstack/requirements,8.704575091188795e-05,0.003577079177271789
openstack/heat,openstack/tripleo-heat-templates,6.193639968730488e-05,0.003509437541496728
openstack/heat,openstack/heat-tempest-plugin,6.193639968730488e-05,0.003509437541496728
openstack/keystone,openstack/tempest,5.691452944238827e-05,0.003424312619599154
openstack/keystone,openstack/devstack,5.691452944238827e-05,0.003424312619599154
openstack/requirements,openstack/devstack,6.026244293899934e-05,0.003377744417339088
openstack/neutron,openstack/keystone,0.00010545927514324885,0.0033505291708769876
openstack/openstack-manuals,openstack/project-config,7.867596717036025e-05,0.0033397285582320757
openstack/cinder,openstack/devstack,8.034992391866579e-05,0.0033019192405585747
openstack/tripleo-heat-templates,openstack/heat,6.193639968730488e-05,0.0032792696977754143
openstack/tripleo-heat-templates,openstack/tripleo-puppet-elements,6.193639968730488e-05,0.0032792696977754143
openstack/horizon,openstack/neutron,6.361035643561042e-05,0.0032688172043010754
openstack/horizon,openstack/nova,6.361035643561042e-05,0.0032688172043010754
openstack/project-config,openstack/nova,9.541553465341562e-05,0.0032657270539704366
openstack/project-config,openstack/neutron,9.374157790511009e-05,0.003208433596883236
openstack/tempest,openstack/keystone,5.691452944238827e-05,0.0031636735833255793
openstack/neutron,openstack/heat,9.87634481500267e-05,0.003137797160027655
openstack/keystone,openstack/horizon,5.189265919747166e-05,0.003122167388458052
openstack/tripleo-heat-templates,openstack/tripleo-upgrade,5.8588486190693806e-05,0.0031020118762740407
openstack/requirements,openstack/ironic,5.524057269408273e-05,0.003096265715894164
openstack/cinder,openstack/heat,7.365409692544365e-05,0.0030267593038453603
openstack/cinder,openstack/python-cinderclient,7.365409692544365e-05,0.0030267593038453603
openstack/horizon,openstack/cinder,5.8588486190693806e-05,0.003010752688172043
openstack/neutron,openstack/project-config,9.374157790511009e-05,0.0029782481518906556
openstack/tripleo-heat-templates,openstack/puppet-cinder,5.524057269408273e-05,0.0029247540547726668
openstack/horizon,openstack/glance,5.691452944238827e-05,0.002924731182795699
openstack/tempest,openstack/glance,5.189265919747166e-05,0.0028845259142086166
openstack/project-config,openstack/diskimage-builder,8.369783741527686e-05,0.002864672854360032
openstack/project-config,openstack/openstack-manuals,7.867596717036025e-05,0.00269279248309843
openstack/horizon,openstack/keystone,5.189265919747166e-05,0.0026666666666666666
openstack/tripleo-heat-templates,openstack/puppet-keystone,5.021870244916612e-05,0.0026588673225206062
openstack/neutron,openstack/glance,8.202388066697132e-05,0.0026059671329043237
openstack/horizon,openstack/sahara-dashboard,5.021870244916612e-05,0.0025806451612903226
openstack/cinder,openstack/os-brick,6.193639968730488e-05,0.0025452294145972346
openstack/nova,openstack/ironic,0.0001473081938508873,0.0024737862985972506
openstack/project-config,openstack/tempest,7.19801401771381e-05,0.0024636186547496277
openstack/cinder,openstack/horizon,5.8588486190693806e-05,0.0024076494462406273
openstack/cinder,openstack/ceilometer,5.691452944238827e-05,0.0023388594620623237
openstack/cinder,openstack/cinder-tempest-plugin,5.524057269408273e-05,0.00227006947788402
openstack/neutron,openstack/networking-midonet,7.030618342883256e-05,0.0022336861139179917
openstack/cinder,openstack/oslo-incubator,5.189265919747166e-05,0.002132489509527413
openstack/neutron,openstack/ceilometer,6.695826993222149e-05,0.0021273201084933257
openstack/neutron,openstack/python-openstackclient,6.695826993222149e-05,0.0021273201084933257
openstack/neutron,openstack/ironic,6.695826993222149e-05,0.0021273201084933257
openstack/nova,openstack/glance,0.00012387279937460977,0.002080229387456779
openstack/neutron,openstack/python-neutronclient,6.361035643561042e-05,0.0020209541030686592
openstack/neutron,openstack/horizon,6.361035643561042e-05,0.0020209541030686592
openstack/neutron,openstack/networking-odl,6.193639968730488e-05,0.0019677711003563262
openstack/project-config,openstack/ironic,5.691452944238827e-05,0.0019479775409648218
openstack/nova,openstack/keystone,0.00011215510213647099,0.0018834509318865432
openstack/nova,openstack/python-novaclient,0.00011215510213647099,0.0018834509318865432
openstack/neutron,openstack/networking-bgpvpn,5.691452944238827e-05,0.0018082220922193267
openstack/nova,openstack/compute-hyperv,0.00010713323189155439,0.0017991173080707278
openstack/neutron,openstack/oslo-incubator,5.189265919747166e-05,0.0016486730840823273
openstack/nova,openstack/project-config,9.541553465341562e-05,0.0016023388525004919
openstack/neutron,openstack/openstacksdk,5.021870244916612e-05,0.001595490081369994
openstack/nova,openstack/oslo-incubator,8.871970766019348e-05,0.0014898940207460714
openstack/nova,openstack/heat,8.53717941635824e-05,0.0014336716048688612
openstack/nova,openstack/devstack-gate,7.030618342883256e-05,0.0011806707334214152
openstack/nova,openstack/ceilometer,7.030618342883256e-05,0.0011806707334214152
openstack/nova,openstack/horizon,6.361035643561042e-05,0.0010682259016669947
openstack/nova,openstack/placement,5.691452944238827e-05,0.0009557810699125742
openstack/nova,openstack/grenade,5.356661594577719e-05,0.0008995586540353639
openstack/nova,openstack/openstack-zuul-jobs,5.021870244916612e-05,0.0008433362381581537
