Source,Target,Source_repo,Target_repo
867546,860529,openstack/kolla-ansible,openstack/kayobe
861110,863532,openstack/tempest,openstack/mistral
866864,863146,openstack/tripleo-quickstart-extras,openstack/tripleo-ansible
864997,864005,openstack/devstack,openstack/glance-tempest-plugin
861710,867630,openstack/tripleo-upgrade,openstack/tripleo-heat-templates
861110,864384,openstack/tempest,openstack/tacker-specs
861110,862798,openstack/tempest,openstack/barbican
861110,862806,openstack/tempest,openstack/freezer-api
861110,862809,openstack/tempest,openstack/keystone
866212,866213,openstack/tempest,openstack/devstack
866717,866463,openstack/puppet-pacemaker,openstack/puppet-tripleo
866650,866463,openstack/puppet-pacemaker,openstack/puppet-tripleo
863036,866463,openstack/puppet-pacemaker,openstack/puppet-tripleo
866451,866456,openstack/tripleo-ansible,openstack/tripleo-heat-templates
860761,860767,openstack/neutron-lib,openstack/neutron
853291,855551,openstack/telemetry-tempest-plugin,openstack/ceilometer
853829,855551,openstack/telemetry-tempest-plugin,openstack/ceilometer
855344,855551,openstack/devstack,openstack/ceilometer
853829,852644,openstack/telemetry-tempest-plugin,openstack/ceilometer
855344,852644,openstack/devstack,openstack/ceilometer
866450,866455,openstack/tripleo-ansible,openstack/tripleo-heat-templates
866717,866462,openstack/puppet-pacemaker,openstack/puppet-tripleo
866650,866462,openstack/puppet-pacemaker,openstack/puppet-tripleo
863036,866462,openstack/puppet-pacemaker,openstack/puppet-tripleo
862387,865353,openstack/election,openstack/releases
866218,867581,openstack/nova,openstack/tempest
853829,855463,openstack/telemetry-tempest-plugin,openstack/ceilometer
855349,855463,openstack/devstack,openstack/ceilometer
853829,867305,openstack/telemetry-tempest-plugin,openstack/aodh
855344,867305,openstack/devstack,openstack/aodh
853829,855557,openstack/telemetry-tempest-plugin,openstack/ceilometer
855349,855557,openstack/devstack,openstack/ceilometer
860611,860631,openstack/tripleo-ansible,openstack/tripleo-heat-templates
853829,855465,openstack/telemetry-tempest-plugin,openstack/ceilometer
855455,855465,openstack/devstack,openstack/ceilometer
853291,855550,openstack/telemetry-tempest-plugin,openstack/ceilometer
853829,855550,openstack/telemetry-tempest-plugin,openstack/ceilometer
855146,855550,openstack/devstack,openstack/ceilometer
853829,855270,openstack/telemetry-tempest-plugin,openstack/ceilometer
855349,855270,openstack/devstack,openstack/ceilometer
853829,855140,openstack/telemetry-tempest-plugin,openstack/ceilometer
855146,855140,openstack/devstack,openstack/ceilometer
853829,855524,openstack/telemetry-tempest-plugin,openstack/aodh
854807,855524,openstack/devstack,openstack/aodh
853829,855460,openstack/telemetry-tempest-plugin,openstack/aodh
855349,855460,openstack/devstack,openstack/aodh
853829,852850,openstack/telemetry-tempest-plugin,openstack/ceilometer
855344,852850,openstack/devstack,openstack/ceilometer
853829,855458,openstack/telemetry-tempest-plugin,openstack/aodh
855146,855458,openstack/devstack,openstack/aodh
867232,867332,openstack/tripleo-ansible,openstack/tripleo-heat-templates
853291,852878,openstack/telemetry-tempest-plugin,openstack/ceilometer
853829,852878,openstack/telemetry-tempest-plugin,openstack/ceilometer
854807,852878,openstack/devstack,openstack/ceilometer
866478,866479,openstack/openstack-helm-infra,openstack/openstack-helm
862150,864421,openstack/tripleo-ansible,openstack/tripleo-validations
866993,862475,openstack/ironic,openstack/grenade
867065,862475,openstack/devstack,openstack/grenade
864617,867294,openstack/os-brick,openstack/cinder
864479,867294,openstack/os-brick,openstack/cinder
849805,867294,openstack/os-brick,openstack/cinder
849718,867294,openstack/os-brick,openstack/cinder
849542,867294,openstack/os-brick,openstack/cinder
866884,866844,openstack/kolla-ansible,openstack/kayobe
866817,866670,openstack/puppet-tripleo,openstack/tripleo-heat-templates
864617,865164,openstack/os-brick,openstack/cinder
864479,865164,openstack/os-brick,openstack/cinder
849805,865164,openstack/os-brick,openstack/cinder
849718,865164,openstack/os-brick,openstack/cinder
849542,865164,openstack/os-brick,openstack/cinder
867065,866993,openstack/devstack,openstack/ironic
859773,866692,openstack/devstack,openstack/tempest
843493,855576,openstack/cinder,openstack/cinder-tempest-plugin
866061,866062,openstack/openstack-ansible,openstack/openstack-ansible-os_octavia
867052,866062,openstack/openstack-ansible,openstack/openstack-ansible-os_octavia
867256,867257,openstack/openstack-ansible,openstack/openstack-ansible-os_trove
768852,769675,openstack/nova,openstack/python-novaclient
769120,769675,openstack/tempest,openstack/python-novaclient
768851,769869,openstack/nova,openstack/python-novaclient
769120,769869,openstack/tempest,openstack/python-novaclient
768862,770065,openstack/nova,openstack/python-novaclient
769120,770065,openstack/tempest,openstack/python-novaclient
764292,769872,openstack/nova,openstack/python-novaclient
867049,866058,openstack/ansible-role-zookeeper,openstack/openstack-ansible-os_octavia
867052,866058,openstack/openstack-ansible,openstack/openstack-ansible-os_octavia
866338,866177,openstack/tripleo-ansible,openstack/tripleo-heat-templates
866715,866177,openstack/puppet-nova,openstack/tripleo-heat-templates
843659,847030,openstack/tripleo-ansible,openstack/tripleo-heat-templates
855952,858057,openstack/python-barbicanclient,openstack/castellan
865439,858057,openstack/keystoneauth,openstack/castellan
863880,860639,openstack/neutron-tempest-plugin,openstack/neutron
855952,859112,openstack/python-barbicanclient,openstack/castellan
816790,763414,openstack/openstacksdk,openstack/python-openstackclient
864340,864341,openstack/openstacksdk,openstack/python-openstackclient
843832,858351,openstack/manila,openstack/manila-tempest-plugin
865603,865256,openstack/manila-tempest-plugin,openstack/manila
865952,861394,openstack/openstack-ansible,openstack/openstack-ansible-lxc_container_create
867087,867052,openstack/openstack-ansible-os_neutron,openstack/openstack-ansible
866697,866699,openstack/openstack-ansible-os_nova,openstack/openstack-ansible
866694,866699,openstack/openstack-ansible-os_cinder,openstack/openstack-ansible
866684,866699,openstack/openstack-ansible-os_keystone,openstack/openstack-ansible
866686,866699,openstack/openstack-ansible-os_glance,openstack/openstack-ansible
866693,866686,openstack/openstack-ansible,openstack/openstack-ansible-os_glance
865449,866047,openstack/ansible-role-zookeeper,openstack/openstack-ansible
864419,864424,openstack/openstack-ansible-os_octavia,openstack/openstack-ansible
864420,864424,openstack/openstack-ansible-os_barbican,openstack/openstack-ansible
864423,864424,openstack/openstack-ansible-os_ironic,openstack/openstack-ansible
862167,862171,openstack/openstack-ansible,openstack/openstack-ansible-os_glance
863289,865396,openstack/tripleo-common,openstack/tripleo-heat-templates
865015,865822,openstack/devstack,openstack/neutron
839216,768528,openstack/kuryr-libnetwork,openstack/zun
865015,865821,openstack/devstack,openstack/tempest
866978,866980,openstack/tripleo-ansible,openstack/tripleo-heat-templates
861110,862797,openstack/tempest,openstack/adjutant
867059,867056,openstack/devstack,openstack/tempest
862924,760647,openstack/openstack-ansible,openstack/openstack-ansible-os_neutron
867020,867021,openstack/puppet-neutron,openstack/tripleo-heat-templates
867017,867021,openstack/puppet-neutron,openstack/tripleo-heat-templates
841996,842005,openstack/tripleo-ansible,openstack/tripleo-heat-templates
865047,842005,openstack/tripleo-ansible,openstack/tripleo-heat-templates
864750,865518,openstack/openstack-ansible,openstack/openstack-ansible-os_cinder
865805,865518,openstack/openstack-ansible,openstack/openstack-ansible-os_cinder
862924,866694,openstack/openstack-ansible,openstack/openstack-ansible-os_cinder
865144,865145,openstack/tripleo-common,openstack/tripleo-heat-templates
866847,866848,openstack/openstack-ansible,openstack/openstack-ansible-haproxy_server
862924,865973,openstack/openstack-ansible,openstack/openstack-ansible-os_neutron
865197,859142,openstack/tripleo-ansible,openstack/tripleo-docs
862924,866684,openstack/openstack-ansible,openstack/openstack-ansible-os_keystone
862924,866697,openstack/openstack-ansible,openstack/openstack-ansible-os_nova
842240,835512,openstack/tempest,openstack/cinder-tempest-plugin
866809,866447,openstack/tripleo-common,openstack/python-tripleoclient
865014,866976,openstack/devstack,openstack/neutron-tempest-plugin
815093,665155,openstack/neutron,openstack/tempest
841838,665155,openstack/neutron,openstack/tempest
865050,866970,openstack/tripleo-ci,openstack/tripleo-heat-templates
863955,864067,openstack/project-config,openstack/governance
866124,864422,openstack/openstack-ansible,openstack/openstack-ansible-os_sahara
866790,866797,openstack/charm-ops-interface-openstack-loadbalancer,openstack/charm-ceph-dashboard
866603,861635,openstack/manila-tempest-plugin,openstack/manila
861110,861635,openstack/tempest,openstack/manila
866382,861635,openstack/devstack-plugin-ceph,openstack/manila
865449,865537,openstack/ansible-role-zookeeper,openstack/openstack-ansible-os_designate
864750,865537,openstack/openstack-ansible,openstack/openstack-ansible-os_designate
862393,864371,openstack/releases,openstack/tempest
865040,614484,openstack/neutron,openstack/tempest
865991,866015,openstack/tripleo-common,openstack/tripleo-heat-templates
865420,865449,openstack/ansible-role-pki,openstack/ansible-role-zookeeper
864750,864752,openstack/openstack-ansible,openstack/ansible-role-zookeeper
860947,860948,openstack/openstack-ansible,openstack/openstack-ansible-os_nova
860424,778396,openstack/openstack-ansible-plugins,openstack/openstack-ansible
860480,778396,openstack/openstack-ansible-os_neutron,openstack/openstack-ansible
866130,865668,openstack/devstack-plugin-container,openstack/kuryr-kubernetes
865961,862924,openstack/openstack-ansible-os_neutron,openstack/openstack-ansible
866249,862924,openstack/openstack-ansible-os_neutron,openstack/openstack-ansible
866159,862924,openstack/openstack-ansible-os_nova,openstack/openstack-ansible
865185,865186,openstack/manila-tempest-plugin,openstack/manila
861101,859110,openstack/tripleo-ansible,openstack/tripleo-heat-templates
861610,859110,openstack/tripleo-ansible,openstack/tripleo-heat-templates
864201,864250,openstack/tripleo-common,openstack/tripleo-ansible
866717,863041,openstack/puppet-pacemaker,openstack/puppet-tripleo
866650,863041,openstack/puppet-pacemaker,openstack/puppet-tripleo
863036,863041,openstack/puppet-pacemaker,openstack/puppet-tripleo
864299,864576,openstack/openstack-helm-infra,openstack/openstack-helm
826958,864964,openstack/puppet-nova,openstack/tripleo-heat-templates
861110,861140,openstack/tempest,openstack/horizon
835512,750782,openstack/cinder-tempest-plugin,openstack/cinder
866197,866059,openstack/openstack-ansible-tests,openstack/openstack-ansible-plugins
859403,859435,openstack/tripleo-common,openstack/tripleo-heat-templates
866010,859403,openstack/tripleo-ansible,openstack/tripleo-common
865630,865631,openstack/tripleo-ansible,openstack/tripleo-heat-templates
826948,828464,openstack/kolla,openstack/kolla-ansible
865851,865854,openstack/tripleo-ci,openstack/tripleo-upgrade
866431,866131,openstack/tripleo-quickstart-extras,openstack/tripleo-quickstart
866012,865961,openstack/openstack-ansible,openstack/openstack-ansible-os_neutron
865139,865141,openstack/tripleo-common,openstack/tripleo-heat-templates
858930,865830,openstack/tripleo-common,openstack/tripleo-heat-templates
865050,865052,openstack/tripleo-ci,openstack/tripleo-heat-templates
864553,864419,openstack/openstack-ansible,openstack/openstack-ansible-os_octavia
830373,856610,openstack/kolla,openstack/kolla-ansible
866131,865851,openstack/tripleo-quickstart,openstack/tripleo-ci
866142,866147,openstack/tripleo-upgrade,openstack/tripleo-heat-templates
866213,866214,openstack/devstack,openstack/tempest
865618,866214,openstack/placement,openstack/tempest
848198,839066,openstack/neutron-tempest-plugin,openstack/neutron
863954,863958,openstack/project-config,openstack/governance
863165,863166,openstack/project-config,openstack/governance
863957,864068,openstack/project-config,openstack/governance
863076,863079,openstack/governance,openstack/project-config
866130,866182,openstack/devstack-plugin-container,openstack/kuryr-kubernetes
848198,866095,openstack/neutron-tempest-plugin,openstack/neutron
865874,865875,openstack/puppet-tripleo,openstack/tripleo-heat-templates
865873,865875,openstack/tripleo-common,openstack/tripleo-heat-templates
865884,865885,openstack/puppet-tripleo,openstack/tripleo-heat-templates
865883,865885,openstack/tripleo-common,openstack/tripleo-heat-templates
863197,863039,openstack/ceilometer,openstack/aodh
861710,860691,openstack/tripleo-upgrade,openstack/tripleo-heat-templates
866054,858996,openstack/openstack-zuul-jobs,openstack/devstack
864553,855074,openstack/openstack-ansible,openstack/openstack-ansible-os_octavia
865874,863142,openstack/puppet-tripleo,openstack/tripleo-heat-templates
865884,863142,openstack/puppet-tripleo,openstack/tripleo-heat-templates
863139,863142,openstack/puppet-tripleo,openstack/tripleo-heat-templates
865883,863142,openstack/tripleo-common,openstack/tripleo-heat-templates
865873,863142,openstack/tripleo-common,openstack/tripleo-heat-templates
863140,863142,openstack/tripleo-common,openstack/tripleo-heat-templates
864041,865155,openstack/tripleo-ansible,openstack/tripleo-heat-templates
863795,865155,openstack/tripleo-ansible,openstack/tripleo-heat-templates
857855,865155,openstack/tripleo-ansible,openstack/tripleo-heat-templates
826948,861687,openstack/kolla,openstack/kolla-ansible
863935,863590,openstack/tripleo-ansible,openstack/tripleo-quickstart-extras
840410,865658,openstack/tempest,openstack/nova
864993,864920,openstack/ansible-collection-kolla,openstack/kolla-ansible
865312,865420,openstack/openstack-ansible,openstack/ansible-role-pki
861350,828120,openstack/ansible-role-systemd_service,openstack/openstack-ansible-lxc_hosts
842240,865765,openstack/tempest,openstack/nova
865047,865048,openstack/tripleo-ansible,openstack/tripleo-heat-templates
865503,865048,openstack/tripleo-ansible,openstack/tripleo-heat-templates
858674,858675,openstack/tripleo-ansible,openstack/tripleo-heat-templates
865410,865820,openstack/charm-ops-sunbeam,openstack/charm-neutron-k8s
865526,865239,openstack/requirements,openstack/tripleo-ansible
857961,857960,openstack/manila-tempest-plugin,openstack/manila
865276,865552,openstack/requirements,openstack/barbican
857601,857600,openstack/tripleo-ansible,openstack/tripleo-heat-templates
863143,863145,openstack/tripleo-quickstart-extras,openstack/tripleo-quickstart
861110,862799,openstack/tempest,openstack/blazar
841489,860901,openstack/requirements,openstack/neutron
841489,860900,openstack/requirements,openstack/neutron
864962,864966,openstack/openstack-ansible-os_ceilometer,openstack/openstack-ansible-os_aodh
853029,861790,openstack/openstack-ansible,openstack/openstack-ansible-os_rally
862150,865512,openstack/tripleo-ansible,openstack/tripleo-validations
861110,861366,openstack/tempest,openstack/octavia
865276,865550,openstack/requirements,openstack/barbican
865276,865409,openstack/requirements,openstack/barbican
865276,865404,openstack/requirements,openstack/barbican
831929,788296,openstack/horizon,openstack/ui-cookiecutter
865406,865526,openstack/barbican,openstack/requirements
862104,862377,openstack/openstack-ansible-rabbitmq_server,openstack/openstack-ansible-tests
859526,859401,openstack/tripleo-ci,openstack/ansible-role-collect-logs
864838,865150,openstack/tripleo-quickstart-extras,openstack/tripleo-ansible
865276,864226,openstack/requirements,openstack/barbican
865510,852125,openstack/devstack-plugin-container,openstack/tacker
864209,864195,openstack/oslo.privsep,openstack/neutron
864018,864195,openstack/oslo.log,openstack/neutron
738641,865464,openstack/neutron,openstack/neutron-tempest-plugin
861876,861880,openstack/openstack-zuul-jobs,openstack/horizon
865311,865447,openstack/ironic-lib,openstack/ironic
860795,861110,openstack/devstack,openstack/tempest
861116,861110,openstack/openstack-zuul-jobs,openstack/tempest
738641,814055,openstack/neutron,openstack/neutron-dynamic-routing
864051,814055,openstack/neutron,openstack/neutron-dynamic-routing
830883,831018,openstack/nova,openstack/tempest
855288,831018,openstack/cinder,openstack/tempest
858930,858931,openstack/tripleo-common,openstack/tripleo-heat-templates
861110,861320,openstack/tempest,openstack/neutron
862219,861320,openstack/rally-openstack,openstack/neutron
862479,861320,openstack/devstack,openstack/neutron
861110,861319,openstack/tempest,openstack/neutron-tempest-plugin
865383,865290,openstack/openstack-zuul-jobs,openstack/tripleo-ci
861110,862492,openstack/tempest,openstack/neutron
862219,862492,openstack/rally-openstack,openstack/neutron
862479,862492,openstack/devstack,openstack/neutron
865175,865206,openstack/tripleo-heat-templates,openstack/tripleo-ansible
860524,860525,openstack/python-tripleoclient,openstack/tripleo-heat-templates
859773,859774,openstack/devstack,openstack/neutron-tempest-plugin
865243,861890,openstack/tripleo-upgrade,openstack/tripleo-common
862144,861890,openstack/tripleo-upgrade,openstack/tripleo-common
862101,861890,openstack/tripleo-upgrade,openstack/tripleo-common
865300,865302,openstack/tempest,openstack/nova
865300,865301,openstack/tempest,openstack/nova
857933,859241,openstack/manila-tempest-plugin,openstack/manila
864041,865156,openstack/tripleo-ansible,openstack/tripleo-heat-templates
863795,865156,openstack/tripleo-ansible,openstack/tripleo-heat-templates
857855,865156,openstack/tripleo-ansible,openstack/tripleo-heat-templates
864617,864185,openstack/os-brick,openstack/cinder
864479,864185,openstack/os-brick,openstack/cinder
849805,864185,openstack/os-brick,openstack/cinder
849718,864185,openstack/os-brick,openstack/cinder
849542,864185,openstack/os-brick,openstack/cinder
847005,765353,openstack/neutron,openstack/neutron-vpnaas
847007,765353,openstack/neutron-tempest-plugin,openstack/neutron-vpnaas
865040,864673,openstack/neutron,openstack/nova
864041,857857,openstack/tripleo-ansible,openstack/tripleo-heat-templates
863795,857857,openstack/tripleo-ansible,openstack/tripleo-heat-templates
857855,857857,openstack/tripleo-ansible,openstack/tripleo-heat-templates
865243,861804,openstack/tripleo-upgrade,openstack/tripleo-common
862144,861804,openstack/tripleo-upgrade,openstack/tripleo-common
862101,861804,openstack/tripleo-upgrade,openstack/tripleo-common
861110,861572,openstack/tempest,openstack/python-tackerclient
861110,861571,openstack/tempest,openstack/tacker-horizon
660239,835175,openstack/octavia,openstack/openstacksdk
656811,843285,openstack/octavia,openstack/tripleo-heat-templates
864247,864248,openstack/tripleo-ansible,openstack/tripleo-heat-templates
864838,864994,openstack/tripleo-quickstart-extras,openstack/tripleo-ansible
861352,861364,openstack/designate,openstack/designate-tempest-plugin
864948,860795,openstack/devstack-plugin-ceph,openstack/devstack
862359,858369,openstack/puppet-tripleo,openstack/tripleo-heat-templates
855952,864308,openstack/python-barbicanclient,openstack/octavia
865050,865053,openstack/tripleo-ci,openstack/python-tripleoclient
865050,865057,openstack/tripleo-ci,openstack/tripleo-common
865050,865051,openstack/tripleo-ci,openstack/tripleo-ansible
865050,865054,openstack/tripleo-ci,openstack/puppet-tripleo
865050,865056,openstack/tripleo-ci,openstack/os-net-config
864673,864595,openstack/nova,openstack/tempest
865040,864595,openstack/neutron,openstack/tempest
861110,861609,openstack/tempest,openstack/cinder
864948,861609,openstack/devstack-plugin-ceph,openstack/cinder
829711,829713,openstack/tripleo-quickstart,openstack/tripleo-ci
864005,863944,openstack/glance-tempest-plugin,openstack/glance
864005,864865,openstack/glance-tempest-plugin,openstack/glance
863170,864180,openstack/puppet-ovn,openstack/tripleo-heat-templates
864997,864844,openstack/devstack,openstack/glance-tempest-plugin
861110,862189,openstack/tempest,openstack/glance
863524,862189,openstack/devstack-plugin-ceph,openstack/glance
861110,862183,openstack/tempest,openstack/os-brick
861110,861471,openstack/tempest,openstack/placement
861110,861053,openstack/tempest,openstack/nova
861110,861467,openstack/tempest,openstack/os-resource-classes
860599,864464,openstack/governance,openstack/openstack-zuul-jobs
864392,864409,openstack/tripleo-ansible,openstack/tripleo-operator-ansible
859574,859577,openstack/os-vif,openstack/nova
859573,859577,openstack/neutron-lib,openstack/nova
804578,804589,openstack/manila,openstack/manila-tempest-plugin
864690,864500,openstack/tripleo-quickstart,openstack/tripleo-heat-templates
864690,864474,openstack/tripleo-quickstart,openstack/tripleo-heat-templates
861110,861325,openstack/tempest,openstack/ironic
851681,851682,openstack/ironic,openstack/bifrost
831607,860087,openstack/tempest,openstack/nova
855711,859877,openstack/requirements,openstack/cinder
864196,864197,openstack/puppet-tripleo,openstack/tripleo-heat-templates
864690,864499,openstack/tripleo-quickstart,openstack/tripleo-heat-templates
825008,827925,openstack/manila,openstack/manila-tempest-plugin
825008,803424,openstack/manila,openstack/python-manilaclient
862356,862359,openstack/puppet-cinder,openstack/puppet-tripleo
863814,829711,openstack/openstack-tempest-skiplist,openstack/tripleo-quickstart
831799,800964,openstack/requirements,openstack/openstack-helm-images
864566,864571,openstack/keystone,openstack/keystone-tempest-plugin
843103,863977,openstack/glance_store,openstack/glance
763516,863977,openstack/devstack-plugin-nfs,openstack/glance
863170,864239,openstack/puppet-ovn,openstack/tripleo-heat-templates
863170,864237,openstack/puppet-ovn,openstack/tripleo-heat-templates
863158,863161,openstack/project-config,openstack/governance
864160,862416,openstack/devstack,openstack/nova
864018,863315,openstack/oslo.log,openstack/neutron
864018,864209,openstack/oslo.log,openstack/oslo.privsep
863170,863171,openstack/puppet-ovn,openstack/tripleo-heat-templates
824479,841513,openstack/tripleo-ci,openstack/tripleo-heat-templates
849038,848668,openstack/openstack-helm-infra,openstack/openstack-helm
831799,800541,openstack/requirements,openstack/openstack-helm-images
863796,863797,openstack/aodh,openstack/python-aodhclient
770126,770127,openstack/tripleo-quickstart-extras,openstack/tripleo-quickstart
847323,847010,openstack/tripleo-ansible,openstack/tripleo-quickstart-extras
850131,848208,openstack/tripleo-common,openstack/tripleo-heat-templates
860540,860549,openstack/openstack-ansible-os_nova,openstack/openstack-ansible
862594,860549,openstack/openstack-ansible-os_neutron,openstack/openstack-ansible
829711,861363,openstack/tripleo-quickstart,openstack/tripleo-heat-templates
829713,861363,openstack/tripleo-ci,openstack/tripleo-heat-templates
863814,861363,openstack/openstack-tempest-skiplist,openstack/tripleo-heat-templates
863597,861363,openstack/tripleo-quickstart-extras,openstack/tripleo-heat-templates
855978,855982,openstack/charms.ceph,openstack/charm-ceph-osd
733961,735430,openstack/cliff,openstack/osc-lib
853829,863796,openstack/telemetry-tempest-plugin,openstack/aodh
855344,863796,openstack/devstack,openstack/aodh
735430,735431,openstack/osc-lib,openstack/python-openstackclient
814193,863925,openstack/devstack,openstack/nova
814193,863926,openstack/devstack,openstack/glance
863083,863101,openstack/requirements,openstack/horizon
810457,860812,openstack/cinder,openstack/devstack
863284,837053,openstack/ceilometer,openstack/aodh
735465,735434,openstack/cliff,openstack/python-openstackclient
863029,855711,openstack/ironic,openstack/requirements
780967,780970,openstack/kolla,openstack/kolla-ansible
854554,852652,openstack/horizon,openstack/requirements
863584,863585,openstack/charm-ops-sunbeam,openstack/charm-nova-k8s
844141,843497,openstack/tripleo-ci,openstack/tripleo-quickstart
857933,859240,openstack/manila-tempest-plugin,openstack/manila
861390,860863,openstack/tempest,openstack/nova
857947,857976,openstack/openstacksdk,openstack/ansible-collections-openstack
787179,788233,openstack/glance-specs,openstack/glance_store
862346,862347,openstack/kolla,openstack/kolla-ansible
857933,859239,openstack/manila-tempest-plugin,openstack/manila
857933,859238,openstack/manila-tempest-plugin,openstack/manila
861858,768162,openstack/openstack-ansible,openstack/openstack-ansible-os_barbican
863076,863077,openstack/governance,openstack/requirements
861886,863076,openstack/openstack-ansible,openstack/governance
863085,863087,openstack/openstack-ansible-rsyslog_client,openstack/project-config
863086,863087,openstack/openstack-ansible-rsyslog_server,openstack/project-config
863079,863086,openstack/project-config,openstack/openstack-ansible-rsyslog_server
863079,863085,openstack/project-config,openstack/openstack-ansible-rsyslog_client
861110,862810,openstack/tempest,openstack/kuryr
861110,862805,openstack/tempest,openstack/freezer
861110,862803,openstack/tempest,openstack/designate
861110,862812,openstack/tempest,openstack/magnum
861110,862816,openstack/tempest,openstack/masakari
861110,862820,openstack/tempest,openstack/masakari-monitors
861110,862814,openstack/tempest,openstack/murano
343980,344671,openstack/manila,openstack/python-manilaclient
843836,849602,openstack/tripleo-ci,openstack/tripleo-ansible
862104,847966,openstack/openstack-ansible-rabbitmq_server,openstack/openstack-ansible
843836,862771,openstack/tripleo-ci,openstack/tripleo-quickstart
843836,862770,openstack/tripleo-ci,openstack/tripleo-quickstart-extras
840509,843836,openstack/tripleo-ansible,openstack/tripleo-ci
862160,843836,openstack/tripleo-quickstart-extras,openstack/tripleo-ci
861748,843836,openstack/tripleo-quickstart,openstack/tripleo-ci
852796,852688,openstack/charm-ops-sunbeam,openstack/charm-glance-k8s
861940,862132,openstack/kolla,openstack/kolla-ansible
862233,862104,openstack/openstack-ansible-tests,openstack/openstack-ansible-rabbitmq_server
750782,862757,openstack/cinder,openstack/cinder-tempest-plugin
860230,860229,openstack/kolla,openstack/kolla-ansible
861110,862811,openstack/tempest,openstack/kuryr-libnetwork
861110,862801,openstack/tempest,openstack/cloudkitty
861110,862802,openstack/tempest,openstack/cyborg
854293,853749,openstack/openstacksdk,openstack/ansible-collections-openstack
853829,843356,openstack/telemetry-tempest-plugin,openstack/aodh
854807,843356,openstack/devstack,openstack/aodh
859950,834220,openstack/manila,openstack/manila-tempest-plugin
854612,854557,openstack/openstacksdk,openstack/python-openstackclient
862220,862470,openstack/skyline-apiserver,openstack/skyline-console
857933,859237,openstack/manila-tempest-plugin,openstack/manila
857933,859236,openstack/manila-tempest-plugin,openstack/manila
862564,849522,openstack/openstack-ansible-rabbitmq_server,openstack/openstack-ansible-os_mistral
842437,853733,openstack/tripleo-ansible,openstack/tripleo-heat-templates
817462,817459,openstack/neutron,openstack/neutron-lib
852839,858493,openstack/openstack-tempest-skiplist,openstack/tripleo-heat-templates
852845,858493,openstack/tripleo-quickstart,openstack/tripleo-heat-templates
859999,842437,openstack/tripleo-heat-templates,openstack/tripleo-ansible
862484,862487,openstack/charm-ops-sunbeam,openstack/charm-neutron-k8s
849024,849844,openstack/tripleo-ansible,openstack/tripleo-heat-templates
861584,861758,openstack/tripleo-quickstart-extras,openstack/tripleo-quickstart
861354,861758,openstack/python-tripleoclient,openstack/tripleo-quickstart
861175,861758,openstack/tripleo-heat-templates,openstack/tripleo-quickstart
862256,861758,openstack/openstack-ansible-os_tempest,openstack/tripleo-quickstart
852068,855837,openstack/tripleo-ci,openstack/tripleo-common
861794,861858,openstack/openstack-ansible-rabbitmq_server,openstack/openstack-ansible
861849,861858,openstack/openstack-ansible-lxc_hosts,openstack/openstack-ansible
853029,861729,openstack/openstack-ansible,openstack/openstack-ansible-rabbitmq_server
862173,861849,openstack/openstack-ansible-tests,openstack/openstack-ansible-lxc_hosts
853029,861788,openstack/openstack-ansible,openstack/openstack-ansible-tests
861730,853029,openstack/openstack-ansible-os_rally,openstack/openstack-ansible
862143,853029,openstack/openstack-ansible-lxc_hosts,openstack/openstack-ansible
862145,862260,openstack/charm-ops-sunbeam,openstack/charm-neutron-k8s
862233,862234,openstack/openstack-ansible-tests,openstack/openstack-ansible-lxc_hosts
862104,862234,openstack/openstack-ansible-rabbitmq_server,openstack/openstack-ansible-lxc_hosts
861794,861855,openstack/openstack-ansible-rabbitmq_server,openstack/openstack-ansible-tests
861885,860959,openstack/charm-ops-sunbeam,openstack/charm-glance-k8s
861836,861511,openstack/kuryr-kubernetes,openstack/kuryr-tempest-plugin
840144,855842,openstack/diskimage-builder,openstack/tripleo-image-elements
839829,855841,openstack/diskimage-builder,openstack/tripleo-image-elements
857933,859235,openstack/manila-tempest-plugin,openstack/manila
854176,854178,openstack/tripleo-ansible,openstack/tripleo-heat-templates
861831,861794,openstack/openstack-ansible-tests,openstack/openstack-ansible-rabbitmq_server
861742,861744,openstack/openstack-ansible-tests,openstack/openstack-ansible-lxc_hosts
861742,861730,openstack/openstack-ansible-tests,openstack/openstack-ansible-os_rally
860656,861620,openstack/aodh,openstack/python-aodhclient
851728,851766,openstack/charms.openstack,openstack/charm-manila
851727,851766,openstack/charms.openstack,openstack/charm-manila
851726,851766,openstack/charms.openstack,openstack/charm-manila
851725,851766,openstack/charms.openstack,openstack/charm-manila
851724,851766,openstack/charms.openstack,openstack/charm-manila
851723,851766,openstack/charms.openstack,openstack/charm-manila
851765,851766,openstack/charms.openstack,openstack/charm-manila
861094,859721,openstack/requirements,openstack/barbican
854744,854759,openstack/kolla,openstack/kolla-ansible
860803,860804,openstack/tripleo-ansible,openstack/python-tripleoclient
861771,826925,openstack/requirements,openstack/oslo.log
861354,861589,openstack/python-tripleoclient,openstack/tripleo-quickstart
861175,861589,openstack/tripleo-heat-templates,openstack/tripleo-quickstart
861718,861589,openstack/tripleo-quickstart-extras,openstack/tripleo-quickstart
851231,851244,openstack/python-novaclient,openstack/python-openstackclient
861110,861158,openstack/tempest,openstack/heat-translator
861110,861136,openstack/tempest,openstack/tosca-parser
861101,861100,openstack/tripleo-ansible,openstack/tripleo-heat-templates
861610,861100,openstack/tripleo-ansible,openstack/tripleo-heat-templates
841489,860895,openstack/requirements,openstack/neutron
845197,861051,openstack/aodh,openstack/python-aodhclient
841489,860898,openstack/requirements,openstack/neutron
841489,860899,openstack/requirements,openstack/neutron
841489,860897,openstack/requirements,openstack/neutron
841489,860896,openstack/requirements,openstack/neutron
861592,861593,openstack/charm-keystone-k8s,openstack/charm-ops-sunbeam
828487,828275,openstack/neutron-lib,openstack/neutron-vpnaas
828275,828276,openstack/neutron-vpnaas,openstack/neutron-lib
861352,861353,openstack/designate,openstack/python-designateclient
854289,854059,openstack/tripleo-heat-templates,openstack/tripleo-common
856839,856840,openstack/puppet-ceilometer,openstack/tripleo-heat-templates
860433,860187,openstack/ironic-python-agent-builder,openstack/ironic-python-agent
861110,861208,openstack/tempest,openstack/swift
840575,861201,openstack/rally-openstack,openstack/glance
841489,860894,openstack/requirements,openstack/neutron
841489,860893,openstack/requirements,openstack/neutron
861046,861044,openstack/project-config,openstack/governance
850131,852435,openstack/tripleo-common,openstack/tripleo-heat-templates
860961,860963,openstack/devstack-gate,openstack/devstack
860609,860610,openstack/tripleo-heat-templates,openstack/networking-ovn
861047,861048,openstack/tripleo-ci,openstack/tripleo-heat-templates
843835,849604,openstack/tripleo-quickstart-extras,openstack/tripleo-ansible
843836,849604,openstack/tripleo-ci,openstack/tripleo-ansible
842223,849604,openstack/ansible-role-chrony,openstack/tripleo-ansible
843835,849405,openstack/tripleo-quickstart-extras,openstack/tripleo-ci
840509,849405,openstack/tripleo-ansible,openstack/tripleo-ci
854337,849405,openstack/tripleo-quickstart,openstack/tripleo-ci
842223,849405,openstack/ansible-role-chrony,openstack/tripleo-ci
776674,849405,openstack/tripleo-common,openstack/tripleo-ci
853829,860656,openstack/telemetry-tempest-plugin,openstack/aodh
854807,860656,openstack/devstack,openstack/aodh
816158,847792,openstack/python-novaclient,openstack/python-openstackclient
810457,855876,openstack/cinder,openstack/cinder-tempest-plugin
860812,855876,openstack/devstack,openstack/cinder-tempest-plugin
860614,860615,openstack/keystoneauth,openstack/keystonemiddleware
860824,860815,openstack/tripleo-heat-templates,openstack/tripleo-quickstart-extras
860874,860876,openstack/metalsmith,openstack/ironic
842223,842224,openstack/ansible-role-chrony,openstack/tripleo-ansible
849501,852172,openstack/openstack-zuul-jobs,openstack/cliff
854837,843730,openstack/kolla,openstack/kolla-ansible
858555,857506,openstack/openstack-ansible-galera_server,openstack/openstack-ansible
860276,857506,openstack/ansible-hardening,openstack/openstack-ansible
860277,857506,openstack/openstack-ansible-plugins,openstack/openstack-ansible
860349,857506,openstack/openstack-ansible-os_cinder,openstack/openstack-ansible
860356,857506,openstack/openstack-ansible-os_neutron,openstack/openstack-ansible
860358,857506,openstack/openstack-ansible-os_tempest,openstack/openstack-ansible
845681,830741,openstack/tripleo-heat-templates,openstack/tripleo-quickstart-extras
857171,857182,openstack/tripleo-quickstart,openstack/tripleo-heat-templates
812662,847176,openstack/heat,openstack/skyline-apiserver
839147,847176,openstack/barbican,openstack/skyline-apiserver
856325,856326,openstack/releases,openstack/project-config
726334,730370,openstack/designate,openstack/designate-tempest-plugin
860063,860064,openstack/tripleo-ansible,openstack/tripleo-heat-templates
859618,859442,openstack/kolla-ansible,openstack/kayobe
854287,835384,openstack/cinder-tempest-plugin,openstack/cinder
859942,859937,openstack/puppet-swift,openstack/releases
859339,859337,openstack/openstack-ansible,openstack/openstack-ansible-os_cinder
858878,858882,openstack/tripleo-ansible,openstack/tripleo-heat-templates
859059,858882,openstack/tripleo-common,openstack/tripleo-heat-templates
850215,847499,openstack/charm-octavia,openstack/charm-octavia-dashboard
858981,859054,openstack/openstack-ansible,openstack/openstack-ansible-os_keystone
832769,833090,openstack/os-traits,openstack/nova
860333,860334,openstack/tripleo-ansible,openstack/tripleo-heat-templates
860204,860332,openstack/tripleo-ansible,openstack/tripleo-heat-templates
845535,845536,openstack/tripleo-ansible,openstack/tripleo-heat-templates
726334,726335,openstack/designate,openstack/python-designateclient
858761,805938,openstack/manila,openstack/manila-tempest-plugin
859828,859784,openstack/kolla-ansible,openstack/kayobe
859248,859249,openstack/tripleo-common,openstack/tripleo-heat-templates
857252,857253,openstack/tripleo-ansible,openstack/tripleo-heat-templates
860155,858938,openstack/blazar-tempest-plugin,openstack/blazar
858922,858938,openstack/oslo.service,openstack/blazar
858937,858938,openstack/oslo.messaging,openstack/blazar
842437,857464,openstack/tripleo-ansible,openstack/tripleo-heat-templates
858611,858612,openstack/tripleo-heat-templates,openstack/python-tripleoclient
859570,859400,openstack/kolla-ansible,openstack/kolla
851694,838605,openstack/tripleo-ansible,openstack/tripleo-heat-templates
852808,853282,openstack/tripleo-heat-templates,openstack/tripleo-ansible
857560,859422,openstack/tripleo-ci,openstack/tripleo-heat-templates
853224,852808,openstack/tripleo-puppet-elements,openstack/tripleo-heat-templates
853252,852808,openstack/tripleo-ansible,openstack/tripleo-heat-templates
853934,852808,openstack/tripleo-ansible,openstack/tripleo-heat-templates
856487,852808,openstack/tripleo-ansible,openstack/tripleo-heat-templates
857096,852808,openstack/tripleo-quickstart-extras,openstack/tripleo-heat-templates
857128,852808,openstack/tripleo-quickstart,openstack/tripleo-heat-templates
834442,834443,openstack/openstacksdk,openstack/python-openstackclient
859443,859444,openstack/tripleo-ansible,openstack/tripleo-heat-templates
840677,840674,openstack/tripleo-ansible,openstack/tripleo-heat-templates
840509,840510,openstack/tripleo-ansible,openstack/tripleo-heat-templates
859800,859867,openstack/tripleo-ci,openstack/tripleo-heat-templates
859839,859844,openstack/cinder,openstack/devstack-plugin-nfs
859840,859844,openstack/cinder,openstack/devstack-plugin-nfs
859841,859844,openstack/cinder,openstack/devstack-plugin-nfs
855017,854985,openstack/kolla-ansible,openstack/ansible-collection-kolla
853829,855563,openstack/telemetry-tempest-plugin,openstack/aodh
855344,855563,openstack/devstack,openstack/aodh
847513,847514,openstack/charm-swift-proxy,openstack/charm-swift-storage
859162,859231,openstack/openstack-ansible-os_placement,openstack/ansible-role-python_venv_build
853483,853484,openstack/tripleo-ansible,openstack/tripleo-heat-templates
853829,845197,openstack/telemetry-tempest-plugin,openstack/aodh
854807,845197,openstack/devstack,openstack/aodh
857560,857554,openstack/tripleo-ci,openstack/tripleo-heat-templates
857933,857807,openstack/manila-tempest-plugin,openstack/manila
859008,859012,openstack/charm-ops-sunbeam,openstack/charm-keystone-k8s
843832,854312,openstack/manila,openstack/python-manilaclient
858097,858138,openstack/neutron-tempest-plugin,openstack/neutron
858258,857897,openstack/openstack-ansible-os_placement,openstack/ansible-role-python_venv_build
859241,859171,openstack/manila,openstack/manila-tempest-plugin
859240,859171,openstack/manila,openstack/manila-tempest-plugin
859239,859171,openstack/manila,openstack/manila-tempest-plugin
859238,859171,openstack/manila,openstack/manila-tempest-plugin
859237,859171,openstack/manila,openstack/manila-tempest-plugin
859236,859171,openstack/manila,openstack/manila-tempest-plugin
859235,859171,openstack/manila,openstack/manila-tempest-plugin
857807,859171,openstack/manila,openstack/manila-tempest-plugin
858864,859072,openstack/tripleo-common,openstack/tripleo-quickstart-extras
858864,859071,openstack/tripleo-common,openstack/tripleo-ci
858864,858508,openstack/tripleo-common,openstack/tripleo-ansible
851449,852675,openstack/cinder,openstack/cinder-tempest-plugin
852674,852675,openstack/python-cinderclient,openstack/cinder-tempest-plugin
852470,852675,openstack/tempest,openstack/cinder-tempest-plugin
852784,852675,openstack/devstack,openstack/cinder-tempest-plugin
852897,852675,openstack/barbican,openstack/cinder-tempest-plugin
855873,854568,openstack/tripleo-ansible,openstack/tripleo-heat-templates
854360,854568,openstack/puppet-tripleo,openstack/tripleo-heat-templates
855532,854568,openstack/puppet-ironic,openstack/tripleo-heat-templates
856046,854568,openstack/puppet-ironic,openstack/tripleo-heat-templates
857881,854568,openstack/tripleo-ansible,openstack/tripleo-heat-templates
847087,790535,openstack/devstack-plugin-nfs,openstack/cinder
847086,790535,openstack/cinder-tempest-plugin,openstack/cinder
858768,858889,openstack/tripleo-ci,openstack/tripleo-heat-templates
857096,857128,openstack/tripleo-quickstart-extras,openstack/tripleo-quickstart
858768,858888,openstack/tripleo-ci,openstack/tripleo-heat-templates
854508,858705,openstack/charm-ops-sunbeam,openstack/charm-neutron-k8s
854508,858702,openstack/charm-ops-sunbeam,openstack/charm-horizon-k8s
854508,858701,openstack/charm-ops-sunbeam,openstack/charm-glance-k8s
854508,858700,openstack/charm-ops-sunbeam,openstack/charm-nova-k8s
854508,858704,openstack/charm-ops-sunbeam,openstack/charm-cinder-k8s
854508,858699,openstack/charm-ops-sunbeam,openstack/charm-keystone-k8s
854508,858706,openstack/charm-ops-sunbeam,openstack/charm-cinder-ceph-k8s
852443,854275,openstack/oslo.log,openstack/cinder
842041,842044,openstack/tripleo-ansible,openstack/tripleo-heat-templates
856222,842044,openstack/tripleo-ansible,openstack/tripleo-heat-templates
852178,851904,openstack/charm-designate,openstack/charm-designate-bind
854508,854560,openstack/charm-ops-sunbeam,openstack/charm-keystone-k8s
856407,856408,openstack/tripleo-common,openstack/tripleo-heat-templates
852567,852563,openstack/openstack-ansible-openstack_hosts,openstack/openstack-ansible
852569,852563,openstack/openstack-ansible-lxc_hosts,openstack/openstack-ansible
858513,858328,openstack/kayobe,openstack/kayobe-config-dev
858268,858512,openstack/openstacksdk,openstack/nova
726334,858525,openstack/designate,openstack/designate-tempest-plugin
852839,852844,openstack/openstack-tempest-skiplist,openstack/tripleo-heat-templates
852845,852844,openstack/tripleo-quickstart,openstack/tripleo-heat-templates
858283,858284,openstack/tripleo-heat-templates,openstack/python-tripleoclient
848013,805884,openstack/cinder,openstack/cinder-tempest-plugin
857436,853503,openstack/tripleo-heat-templates,openstack/tripleo-quickstart
851770,850165,openstack/charms.ceph,openstack/charm-ceph-dashboard
854764,845815,openstack/ovn-octavia-provider,openstack/kuryr-kubernetes
854375,856903,openstack/governance,openstack/openstack-zuul-jobs
857680,857315,openstack/neutron,openstack/networking-bgpvpn
852720,776674,openstack/tripleo-quickstart-extras,openstack/tripleo-common
857492,857493,openstack/project-config,openstack/governance
855505,855506,openstack/tripleo-ansible,openstack/tripleo-heat-templates
848013,823719,openstack/cinder,openstack/cinder-tempest-plugin
842216,809004,openstack/manila-tempest-plugin,openstack/manila
829587,824998,openstack/ansible-collection-kolla,openstack/kayobe
856096,856120,openstack/project-config,openstack/oslo.concurrency
855330,855331,openstack/tripleo-heat-templates,openstack/tripleo-ansible
853589,857607,openstack/tripleo-upgrade,openstack/tripleo-quickstart
839722,839725,openstack/openstack-tempest-skiplist,openstack/tripleo-quickstart
849563,849564,openstack/bifrost,openstack/openstacksdk
831607,831844,openstack/tempest,openstack/nova
856982,857550,openstack/charm-ops-sunbeam,openstack/charm-horizon-k8s
856982,857546,openstack/charm-ops-sunbeam,openstack/charm-nova-k8s
856982,857549,openstack/charm-ops-sunbeam,openstack/charm-cinder-k8s
856982,857548,openstack/charm-ops-sunbeam,openstack/charm-placement-k8s
856982,857547,openstack/charm-ops-sunbeam,openstack/charm-neutron-k8s
856982,857544,openstack/charm-ops-sunbeam,openstack/charm-keystone-k8s
856982,857545,openstack/charm-ops-sunbeam,openstack/charm-glance-k8s
855887,857499,openstack/networking-sfc,openstack/neutron-tempest-plugin
855891,857499,openstack/neutron-fwaas,openstack/neutron-tempest-plugin
857071,857077,openstack/tripleo-heat-templates,openstack/puppet-tripleo
854398,854315,openstack/tripleo-heat-templates,openstack/puppet-tripleo
852174,852122,openstack/openstack-ansible,openstack/openstack-ansible-os_ironic
854231,852122,openstack/openstack-ansible,openstack/openstack-ansible-os_ironic
853503,853947,openstack/tripleo-quickstart,openstack/tripleo-ci
853411,850158,openstack/python-tripleoclient,openstack/tripleo-heat-templates
853489,850158,openstack/tripleo-ci,openstack/tripleo-heat-templates
857072,803780,openstack/magnum-tempest-plugin,openstack/magnum
856296,839715,openstack/tenks,openstack/kolla-ansible
854685,854688,openstack/governance,openstack/election
857242,857243,openstack/tripleo-ansible,openstack/tripleo-heat-templates
856287,856286,openstack/releases,openstack/election
831866,831864,openstack/charms.ceph,openstack/charm-ceph-mon
827492,852368,openstack/tooz,openstack/puppet-tripleo
815313,856998,openstack/octavia-tempest-plugin,openstack/octavia
850155,850156,openstack/openstack-tempest-skiplist,openstack/tripleo-ci
849562,850156,openstack/tempest,openstack/tripleo-ci
848987,856540,openstack/manila,openstack/manila-tempest-plugin
660239,664462,openstack/octavia,openstack/octavia-tempest-plugin
855886,855897,openstack/networking-bagpipe,openstack/networking-bgpvpn
843508,843537,openstack/tripleo-common,openstack/tripleo-heat-templates
843662,843537,openstack/tripleo-quickstart-extras,openstack/tripleo-heat-templates
853481,855485,openstack/tripleo-ansible,openstack/tripleo-heat-templates
854360,855485,openstack/puppet-tripleo,openstack/tripleo-heat-templates
849562,850155,openstack/tempest,openstack/openstack-tempest-skiplist
855939,855787,openstack/sahara,openstack/python-saharaclient
855308,856016,openstack/charm-ops-sunbeam,openstack/charm-neutron-k8s
855308,855449,openstack/charm-ops-sunbeam,openstack/charm-glance-k8s
855308,856013,openstack/charm-ops-sunbeam,openstack/charm-placement-k8s
855308,856022,openstack/charm-ops-sunbeam,openstack/charm-horizon-k8s
855308,855476,openstack/charm-ops-sunbeam,openstack/charm-nova-k8s
855308,856021,openstack/charm-ops-sunbeam,openstack/charm-cinder-k8s
855308,855448,openstack/charm-ops-sunbeam,openstack/charm-keystone-k8s
850439,850594,openstack/puppet-neutron,openstack/tripleo-heat-templates
850150,850148,openstack/tripleo-ansible,openstack/tripleo-heat-templates
847980,850148,openstack/python-tripleoclient,openstack/tripleo-heat-templates
854787,854810,openstack/openstack-ansible-galera_server,openstack/openstack-ansible
840825,841067,openstack/diskimage-builder,openstack/tripleo-common
855962,855973,openstack/aodh,openstack/requirements
855965,855973,openstack/designate,openstack/requirements
855967,855973,openstack/manila,openstack/requirements
855969,855973,openstack/ironic,openstack/requirements
855970,855973,openstack/heat,openstack/requirements
855862,855973,openstack/placement,openstack/requirements
854770,854191,openstack/devstack,openstack/neutron
853291,845199,openstack/telemetry-tempest-plugin,openstack/aodh
830883,827163,openstack/nova,openstack/python-novaclient
840584,840565,openstack/neutron-tempest-plugin,openstack/neutron
853829,855459,openstack/telemetry-tempest-plugin,openstack/aodh
855344,855459,openstack/devstack,openstack/aodh
853829,855466,openstack/telemetry-tempest-plugin,openstack/aodh
855344,855466,openstack/devstack,openstack/aodh
827521,827492,openstack/etcd3gw,openstack/tooz
839829,847865,openstack/diskimage-builder,openstack/tripleo-image-elements
840144,847867,openstack/diskimage-builder,openstack/tripleo-image-elements
816157,816158,openstack/nova,openstack/python-novaclient
855166,855190,openstack/ironic,openstack/requirements
660239,664473,openstack/octavia,openstack/python-octaviaclient
850899,851893,openstack/sushy,openstack/sushy-oem-idrac
844336,844507,openstack/os-traits,openstack/nova
749155,742905,openstack/cinder,openstack/devstack-plugin-nfs
854030,742905,openstack/nova,openstack/devstack-plugin-nfs
825110,826928,openstack/manila,openstack/python-manilaclient
855435,855440,openstack/glance,openstack/glance-tempest-plugin
853829,853668,openstack/telemetry-tempest-plugin,openstack/ceilometer
854807,853668,openstack/devstack,openstack/ceilometer
853829,855461,openstack/telemetry-tempest-plugin,openstack/aodh
855454,855461,openstack/devstack,openstack/aodh
853829,855462,openstack/telemetry-tempest-plugin,openstack/aodh
855455,855462,openstack/devstack,openstack/aodh
853829,855464,openstack/telemetry-tempest-plugin,openstack/ceilometer
855454,855464,openstack/devstack,openstack/ceilometer
831651,831902,openstack/python-novaclient,openstack/python-openstackclient
853829,855526,openstack/telemetry-tempest-plugin,openstack/aodh
855344,855526,openstack/devstack,openstack/aodh
853829,855525,openstack/telemetry-tempest-plugin,openstack/aodh
855146,855525,openstack/devstack,openstack/aodh
853829,855337,openstack/telemetry-tempest-plugin,openstack/aodh
855146,855337,openstack/devstack,openstack/aodh
853829,855260,openstack/telemetry-tempest-plugin,openstack/aodh
854807,855260,openstack/devstack,openstack/aodh
853291,855141,openstack/telemetry-tempest-plugin,openstack/ceilometer
853829,855141,openstack/telemetry-tempest-plugin,openstack/ceilometer
855344,855141,openstack/devstack,openstack/ceilometer
831929,841322,openstack/horizon,openstack/magnum-ui
850555,850715,openstack/openstack-tempest-skiplist,openstack/tripleo-ci
804578,804579,openstack/manila,openstack/python-manilaclient
840318,852608,openstack/glance,openstack/tempest
848323,848194,openstack/designate-tempest-plugin,openstack/designate
854959,854958,openstack/tripleo-heat-templates,openstack/tripleo-ansible
831507,841088,openstack/nova,openstack/tempest
853291,852879,openstack/telemetry-tempest-plugin,openstack/ceilometer
843295,843708,openstack/devstack,openstack/designate
851449,852674,openstack/cinder,openstack/python-cinderclient
850538,847009,openstack/os-traits,openstack/nova
507078,464953,openstack/kolla-ansible,openstack/kolla
853306,850167,openstack/charm-ops-openstack,openstack/charm-ceph-iscsi
854973,854584,openstack/tempest,openstack/designate
820668,820530,openstack/puppet-tripleo,openstack/tripleo-heat-templates
764292,769120,openstack/nova,openstack/tempest
851837,851839,openstack/kolla-ansible,openstack/kayobe
853794,853608,openstack/neutron-tempest-plugin,openstack/neutron
854144,853608,openstack/devstack,openstack/neutron
838167,838168,openstack/octavia,openstack/octavia-tempest-plugin
854614,854539,openstack/barbican-tempest-plugin,openstack/barbican
851002,851003,openstack/requirements,openstack/neutron
852608,852609,openstack/tempest,openstack/glance
854614,854606,openstack/barbican-tempest-plugin,openstack/barbican
854614,854540,openstack/barbican-tempest-plugin,openstack/barbican
854021,854022,openstack/tripleo-ansible,openstack/tripleo-heat-templates
853791,854022,openstack/tripleo-ansible,openstack/tripleo-heat-templates
853368,835917,openstack/ironic,openstack/ironic-tempest-plugin
852694,835917,openstack/ironic,openstack/ironic-tempest-plugin
849587,835917,openstack/ironic,openstack/ironic-tempest-plugin
851612,851507,openstack/puppet-tripleo,openstack/tripleo-heat-templates
851752,851507,openstack/puppet-tripleo,openstack/tripleo-heat-templates
851753,851507,openstack/puppet-tripleo,openstack/tripleo-heat-templates
790670,778915,openstack/tripleo-quickstart,openstack/tripleo-heat-templates
851555,778915,openstack/tripleo-quickstart-extras,openstack/tripleo-heat-templates
852651,854498,openstack/requirements,openstack/horizon
854250,853680,openstack/barbican-tempest-plugin,openstack/barbican
853607,853936,openstack/tripleo-ansible,openstack/tripleo-heat-templates
852734,852594,openstack/tripleo-heat-templates,openstack/tripleo-quickstart
848311,848186,openstack/charms.ceph,openstack/charm-ceph-mon
849806,854177,openstack/tripleo-ci,openstack/tripleo-docs
852897,852784,openstack/barbican,openstack/devstack
836064,836065,openstack/nova,openstack/tempest
836059,836065,openstack/os-brick,openstack/tempest
836065,843700,openstack/tempest,openstack/nova
842822,842825,openstack/tripleo-ansible,openstack/tripleo-heat-templates
854021,853699,openstack/tripleo-ansible,openstack/tripleo-heat-templates
853791,853699,openstack/tripleo-ansible,openstack/tripleo-heat-templates
847788,851730,openstack/tripleo-upgrade,openstack/tripleo-ci
853211,853661,openstack/tripleo-common,openstack/tripleo-heat-templates
852531,852542,openstack/python-tripleoclient,openstack/tripleo-docs
852532,852542,openstack/tripleo-ansible,openstack/tripleo-docs
853652,853655,openstack/tripleo-quickstart-extras,openstack/tripleo-heat-templates
851001,851000,openstack/tripleo-common,openstack/tripleo-heat-templates
850292,851000,openstack/tripleo-common,openstack/tripleo-heat-templates
836190,851000,openstack/tripleo-common,openstack/tripleo-heat-templates
850994,851000,openstack/puppet-tripleo,openstack/tripleo-heat-templates
850035,851000,openstack/puppet-tripleo,openstack/tripleo-heat-templates
836189,851000,openstack/puppet-tripleo,openstack/tripleo-heat-templates
852580,853336,openstack/tripleo-ansible,openstack/tripleo-heat-templates
843269,851739,openstack/tripleo-ansible,openstack/tripleo-heat-templates
851889,851888,openstack/tripleo-heat-templates,openstack/tripleo-ansible
852731,852715,openstack/tripleo-quickstart,openstack/tripleo-ci
844574,844575,openstack/horizon,openstack/puppet-horizon
853261,837812,openstack/neutron,openstack/kuryr-tempest-plugin
851193,851433,openstack/neutron-lib,openstack/neutron
853167,852990,openstack/tripleo-quickstart-extras,openstack/tripleo-heat-templates
852733,852990,openstack/tripleo-quickstart,openstack/tripleo-heat-templates
851757,851758,openstack/tripleo-quickstart-extras,openstack/tripleo-ci
848178,848184,openstack/manila-tempest-plugin,openstack/manila
848284,848184,openstack/devstack,openstack/manila
848282,848183,openstack/devstack,openstack/manila
848758,851958,openstack/tripleo-ansible,openstack/tripleo-heat-templates
843346,846176,openstack/horizon,openstack/octavia-dashboard
853204,853205,openstack/charm-guide,openstack/charm-deployment-guide
851612,851743,openstack/puppet-tripleo,openstack/tripleo-heat-templates
851752,851743,openstack/puppet-tripleo,openstack/tripleo-heat-templates
851753,851743,openstack/puppet-tripleo,openstack/tripleo-heat-templates
843618,843622,openstack/neutron,openstack/neutron-tempest-plugin
817459,817462,openstack/neutron-lib,openstack/neutron
851954,851955,openstack/project-config,openstack/openstack-zuul-jobs
851758,842120,openstack/tripleo-ci,openstack/tripleo-heat-templates
849520,849578,openstack/openstack-ansible,openstack/openstack-ansible-os_mistral
852460,852474,openstack/charm-guide,openstack/charm-deployment-guide
748158,748159,openstack/devstack,openstack/kuryr-kubernetes
852531,852572,openstack/python-tripleoclient,openstack/tripleo-quickstart-extras
851951,851954,openstack/openstack-zuul-jobs,openstack/project-config
790447,802475,openstack/nova,openstack/os-vif
840712,840969,openstack/barbican,openstack/barbican-tempest-plugin
852531,852568,openstack/python-tripleoclient,openstack/tripleo-operator-ansible
845812,840950,openstack/octavia,openstack/tripleo-heat-templates
831929,841324,openstack/horizon,openstack/senlin-dashboard
849227,851380,openstack/openstack-ansible-os_rally,openstack/openstack-ansible
847668,846777,openstack/openstack-ansible,openstack/openstack-ansible-os_ironic
850350,851439,openstack/openstack-ansible-rabbitmq_server,openstack/openstack-ansible-galera_server
850477,851439,openstack/openstack-ansible-os_rally,openstack/openstack-ansible-galera_server
849227,851387,openstack/openstack-ansible-os_rally,openstack/openstack-ansible-lxc_hosts
850477,850350,openstack/openstack-ansible-os_rally,openstack/openstack-ansible-rabbitmq_server
849227,851379,openstack/openstack-ansible-os_rally,openstack/openstack-ansible-plugins
852039,852243,openstack/openstack-ansible-haproxy_server,openstack/openstack-ansible
849501,852248,openstack/openstack-zuul-jobs,openstack/heat-translator
851597,851877,openstack/python-tripleoclient,openstack/tripleo-ansible
852068,828412,openstack/tripleo-ci,openstack/tripleo-common
849501,852164,openstack/openstack-zuul-jobs,openstack/horizon
849227,851067,openstack/openstack-ansible-os_rally,openstack/openstack-ansible
848452,844466,openstack/tripleo-heat-templates,openstack/puppet-tripleo
851450,851452,openstack/tripleo-heat-templates,openstack/tripleo-ansible
851909,849986,openstack/nova,openstack/requirements
842034,843096,openstack/puppet-ironic,openstack/tripleo-heat-templates
850415,850064,openstack/manila,openstack/manila-tempest-plugin
851342,851345,openstack/openstack-tempest-skiplist,openstack/tripleo-heat-templates
849996,849997,openstack/project-config,openstack/governance
850760,850761,openstack/kolla-ansible,openstack/kolla
851597,851608,openstack/python-tripleoclient,openstack/tripleo-ansible
850233,847993,openstack/openstack-ansible-rabbitmq_server,openstack/openstack-ansible-os_manila
850478,847993,openstack/openstack-ansible,openstack/openstack-ansible-os_manila
846123,847993,openstack/openstack-ansible,openstack/openstack-ansible-os_manila
851516,851384,openstack/tripleo-ci,openstack/python-tripleoclient
772273,851621,openstack/nova,openstack/whitebox-tempest-plugin
849133,851231,openstack/nova,openstack/python-novaclient
831507,831651,openstack/nova,openstack/python-novaclient
851838,851851,openstack/kolla-ansible,openstack/kayobe
846838,846807,openstack/diskimage-builder,openstack/tripleo-image-elements
851612,851744,openstack/puppet-tripleo,openstack/tripleo-heat-templates
851752,851744,openstack/puppet-tripleo,openstack/tripleo-heat-templates
851753,851744,openstack/puppet-tripleo,openstack/tripleo-heat-templates
850656,770215,openstack/kolla,openstack/kolla-ansible
850306,849145,openstack/grenade,openstack/devstack
850943,851018,openstack/tripleo-heat-templates,openstack/tripleo-ansible
851500,851501,openstack/requirements,openstack/ironic-inspector
851549,851196,openstack/kuryr-libnetwork,openstack/zun
851516,851705,openstack/tripleo-ci,openstack/python-tripleoclient
847762,845587,openstack/puppet-tripleo,openstack/tripleo-ci
847766,845587,openstack/puppet-tripleo,openstack/tripleo-ci
847788,845587,openstack/tripleo-upgrade,openstack/tripleo-ci
850307,850046,openstack/tripleo-ansible,openstack/python-tripleoclient
850045,850046,openstack/tripleo-ansible,openstack/python-tripleoclient
849876,849839,openstack/puppet-tripleo,openstack/tripleo-heat-templates
851233,851203,openstack/openstack-ansible,openstack/openstack-ansible-lxc_hosts
843870,844036,openstack/openstack-tempest-skiplist,openstack/tripleo-quickstart
850233,849630,openstack/openstack-ansible-rabbitmq_server,openstack/openstack-ansible
851066,851347,openstack/tripleo-ansible,openstack/tripleo-heat-templates
849690,849841,openstack/cinder,openstack/tempest
842070,825112,openstack/glance,openstack/tempest
836070,836063,openstack/cinder,openstack/os-brick
846070,839585,openstack/kolla-ansible,openstack/kolla
851002,850998,openstack/requirements,openstack/nova
831842,833675,openstack/tripleo-ci,openstack/tripleo-heat-templates
831842,833639,openstack/tripleo-ci,openstack/tripleo-heat-templates
850307,850309,openstack/tripleo-ansible,openstack/python-tripleoclient
850045,850309,openstack/tripleo-ansible,openstack/python-tripleoclient
842432,842433,openstack/tempest,openstack/cinder
849881,849102,openstack/nova,openstack/requirements
851001,850297,openstack/tripleo-common,openstack/tripleo-heat-templates
850292,850297,openstack/tripleo-common,openstack/tripleo-heat-templates
836190,850297,openstack/tripleo-common,openstack/tripleo-heat-templates
850994,850297,openstack/puppet-tripleo,openstack/tripleo-heat-templates
850035,850297,openstack/puppet-tripleo,openstack/tripleo-heat-templates
836189,850297,openstack/puppet-tripleo,openstack/tripleo-heat-templates
842070,825111,openstack/glance,openstack/tempest
840316,850439,openstack/neutron,openstack/puppet-neutron
848284,850332,openstack/devstack,openstack/keystone
850507,850508,openstack/tripleo-quickstart,openstack/tripleo-ci
850398,850502,openstack/tripleo-quickstart,openstack/tripleo-heat-templates
850308,850398,openstack/tripleo-quickstart-extras,openstack/tripleo-quickstart
850233,848004,openstack/openstack-ansible-rabbitmq_server,openstack/openstack-ansible-os_horizon
850480,848004,openstack/openstack-ansible-haproxy_server,openstack/openstack-ansible-os_horizon
845617,845619,openstack/charm-guide,openstack/charm-deployment-guide
850664,850666,openstack/project-config,openstack/ansible-config_template
850229,850649,openstack/ec2api-tempest-plugin,openstack/ec2-api
848284,828139,openstack/devstack,openstack/glance
850629,850665,openstack/octavia-tempest-plugin,openstack/octavia
849807,850389,openstack/tripleo-quickstart,openstack/python-tripleoclient
850301,850633,openstack/requirements,openstack/octavia
850336,846070,openstack/ansible-collection-kolla,openstack/kolla-ansible
831929,841320,openstack/horizon,openstack/zaqar-ui
846391,846371,openstack/ansible-config_template,openstack/releases
850233,848003,openstack/openstack-ansible-rabbitmq_server,openstack/openstack-ansible
849574,849575,openstack/openstack-ansible,openstack/openstack-ansible-os_mistral
850233,849575,openstack/openstack-ansible-rabbitmq_server,openstack/openstack-ansible-os_mistral
845729,846997,openstack/tripleo-ansible,openstack/tripleo-heat-templates
847844,846997,openstack/python-tripleoclient,openstack/tripleo-heat-templates
850233,849977,openstack/openstack-ansible-rabbitmq_server,openstack/openstack-ansible-os_tempest
850233,847435,openstack/openstack-ansible-rabbitmq_server,openstack/openstack-ansible-galera_server
845998,848063,openstack/openstack-ansible,openstack/openstack-ansible-os_manila
850033,850118,openstack/tripleo-heat-templates,openstack/tripleo-quickstart
850233,849574,openstack/openstack-ansible-rabbitmq_server,openstack/openstack-ansible
850233,848006,openstack/openstack-ansible-rabbitmq_server,openstack/openstack-ansible
847999,848000,openstack/tripleo-heat-templates,openstack/neutron
850233,849797,openstack/openstack-ansible-rabbitmq_server,openstack/openstack-ansible
850342,850343,openstack/tripleo-quickstart,openstack/tripleo-ci
846145,846932,openstack/openstack-ansible,openstack/openstack-ansible-os_magnum
850233,846932,openstack/openstack-ansible-rabbitmq_server,openstack/openstack-ansible-os_magnum
850233,849641,openstack/openstack-ansible-rabbitmq_server,openstack/ansible-role-python_venv_build
849501,849417,openstack/openstack-zuul-jobs,openstack/validations-common
848284,850333,openstack/devstack,openstack/designate
849807,849780,openstack/tripleo-quickstart,openstack/python-tripleoclient
838907,838904,openstack/tripleo-ansible,openstack/tripleo-heat-templates
849717,850021,openstack/requirements,openstack/nova
849517,849580,openstack/tripleo-ansible,openstack/tripleo-heat-templates
849572,849580,openstack/tripleo-ansible,openstack/tripleo-heat-templates
847419,844859,openstack/tripleo-quickstart-extras,openstack/ansible-collections-openstack
841246,843469,openstack/neutron,openstack/neutron-tempest-plugin
849855,849799,openstack/openstack-ansible-galera_server,openstack/openstack-ansible
843226,843220,openstack/tripleo-quickstart,openstack/tripleo-ci
849414,849418,openstack/puppet-tripleo,openstack/tripleo-heat-templates
840727,832734,openstack/manila-tempest-plugin,openstack/manila
847584,847587,openstack/tripleo-ansible,openstack/tripleo-heat-templates
847844,847587,openstack/python-tripleoclient,openstack/tripleo-heat-templates
849732,849755,openstack/tripleo-ansible,openstack/tripleo-heat-templates
849760,849761,openstack/openstack-virtual-baremetal,openstack/tripleo-quickstart-extras
848300,846338,openstack/puppet-designate,openstack/puppet-tripleo
846473,848005,openstack/openstack-ansible-haproxy_server,openstack/openstack-ansible-os_horizon
849518,849519,openstack/openstack-ansible,openstack/openstack-ansible-os_mistral
846122,849494,openstack/openstack-ansible-rabbitmq_server,openstack/openstack-ansible-os_rally
846145,846964,openstack/openstack-ansible,openstack/openstack-ansible-os_magnum
849000,849528,openstack/puppet-neutron,openstack/tripleo-heat-templates
849462,849528,openstack/puppet-neutron,openstack/tripleo-heat-templates
845737,845681,openstack/puppet-nova,openstack/tripleo-heat-templates
847600,847601,openstack/diskimage-builder,openstack/ironic
681476,681483,openstack/openstack-helm-infra,openstack/openstack-helm
846364,846288,openstack/project-config,openstack/neutron
849225,849493,openstack/openstack-ansible-rabbitmq_server,openstack/openstack-ansible-os_rally
849326,849327,openstack/glance_store,openstack/glance
848718,849225,openstack/openstack-ansible-os_rally,openstack/openstack-ansible-rabbitmq_server
848657,848659,openstack/openstack-ansible-haproxy_server,openstack/openstack-ansible
849126,849077,openstack/puppet-neutron,openstack/tripleo-heat-templates
849517,843544,openstack/tripleo-ansible,openstack/tripleo-heat-templates
849572,843544,openstack/tripleo-ansible,openstack/tripleo-heat-templates
848894,848895,openstack/tripleo-ansible,openstack/tripleo-heat-templates
848878,848893,openstack/tripleo-heat-templates,openstack/tripleo-ansible
848733,848893,openstack/puppet-tripleo,openstack/tripleo-ansible
849284,849285,openstack/requirements,openstack/python-glanceclient
848733,848878,openstack/puppet-tripleo,openstack/tripleo-heat-templates
848760,848778,openstack/openstack-ansible,openstack/openstack-ansible-os_rally
848827,848936,openstack/requirements,openstack/keystone
848827,848935,openstack/requirements,openstack/oslo.cache
848827,848937,openstack/requirements,openstack/keystonemiddleware
849356,849358,openstack/octavia-tempest-plugin,openstack/octavia
848855,848896,openstack/openstack-tempest-skiplist,openstack/tripleo-quickstart-extras
840386,840387,openstack/tripleo-image-elements,openstack/tripleo-common
837430,840387,openstack/tripleo-image-elements,openstack/tripleo-common
847272,848732,openstack/openstack-ansible,openstack/openstack-ansible-os_horizon
840509,848834,openstack/tripleo-ansible,openstack/tripleo-ci
848589,847272,openstack/openstack-ansible-os_horizon,openstack/openstack-ansible
848666,847272,openstack/openstack-ansible-os_rally,openstack/openstack-ansible
825112,825115,openstack/tempest,openstack/glance
848932,848933,openstack/neutron,openstack/devstack
848933,848934,openstack/devstack,openstack/neutron-tempest-plugin
848666,848760,openstack/openstack-ansible-os_rally,openstack/openstack-ansible
848834,848789,openstack/tripleo-ci,openstack/tripleo-ansible
841902,842354,openstack/openstack-tempest-skiplist,openstack/tripleo-quickstart
847803,847804,openstack/tripleo-ansible,openstack/tripleo-heat-templates
829108,829107,openstack/tripleo-heat-templates,openstack/tripleo-ansible
828169,829107,openstack/puppet-tripleo,openstack/tripleo-ansible
848178,848182,openstack/manila-tempest-plugin,openstack/manila
848663,848766,openstack/tripleo-heat-templates,openstack/tripleo-ansible
848260,848825,openstack/tripleo-ci,openstack/tripleo-heat-templates
847062,848663,openstack/tripleo-ansible,openstack/tripleo-heat-templates
847063,848663,openstack/puppet-tripleo,openstack/tripleo-heat-templates
847598,848332,openstack/releases,openstack/openstack-manuals
848260,848820,openstack/tripleo-ci,openstack/tripleo-quickstart
848260,848819,openstack/tripleo-ci,openstack/tripleo-quickstart-extras
845559,845569,openstack/validations-common,openstack/tripleo-heat-templates
848178,810953,openstack/manila-tempest-plugin,openstack/manila
842980,843837,openstack/openstack-tempest-skiplist,openstack/tripleo-quickstart
828169,829108,openstack/puppet-tripleo,openstack/tripleo-heat-templates
848598,848681,openstack/heat,openstack/tripleo-heat-templates
845054,848279,openstack/tripleo-quickstart-extras,openstack/tripleo-heat-templates
848131,845683,openstack/neutron,openstack/kuryr-kubernetes
845646,845181,openstack/neutron-tempest-plugin,openstack/neutron
839974,840451,openstack/tripleo-heat-templates,openstack/tripleo-ansible
848375,848376,openstack/heat,openstack/tripleo-heat-templates
851001,836277,openstack/tripleo-common,openstack/tripleo-heat-templates
850292,836277,openstack/tripleo-common,openstack/tripleo-heat-templates
836190,836277,openstack/tripleo-common,openstack/tripleo-heat-templates
850994,836277,openstack/puppet-tripleo,openstack/tripleo-heat-templates
850035,836277,openstack/puppet-tripleo,openstack/tripleo-heat-templates
836189,836277,openstack/puppet-tripleo,openstack/tripleo-heat-templates
848457,848459,openstack/kolla-ansible,openstack/kolla
848361,848458,openstack/kolla-ansible,openstack/kolla
848568,848523,openstack/octavia,openstack/tripleo-heat-templates
848569,848523,openstack/puppet-octavia,openstack/tripleo-heat-templates
839937,848574,openstack/octavia,openstack/puppet-octavia
839937,848572,openstack/octavia,openstack/puppet-octavia
848568,848569,openstack/octavia,openstack/puppet-octavia
848350,848289,openstack/tripleo-ansible,openstack/puppet-tripleo
848216,848289,openstack/tripleo-ansible,openstack/puppet-tripleo
848111,844632,openstack/tripleo-ansible,openstack/tripleo-heat-templates
848075,844632,openstack/tripleo-ansible,openstack/tripleo-heat-templates
844610,844632,openstack/tripleo-ansible,openstack/tripleo-heat-templates
834352,844632,openstack/tripleo-quickstart-extras,openstack/tripleo-heat-templates
839937,842073,openstack/octavia,openstack/tripleo-heat-templates
842079,842073,openstack/puppet-octavia,openstack/tripleo-heat-templates
848345,845371,openstack/ironic,openstack/ironic-python-agent
847560,743492,openstack/barbican-tempest-plugin,openstack/cinder-tempest-plugin
839973,839974,openstack/tripleo-ansible,openstack/tripleo-heat-templates
835742,839974,openstack/puppet-tripleo,openstack/tripleo-heat-templates
847193,847089,openstack/openstack-zuul-jobs,openstack/glance
847538,847773,openstack/kolla-ansible,openstack/kolla
848396,848397,openstack/neutron,openstack/python-openstackclient
846943,848293,openstack/tripleo-heat-templates,openstack/python-tripleoclient
846942,846943,openstack/tripleo-ansible,openstack/tripleo-heat-templates
848119,846943,openstack/puppet-tripleo,openstack/tripleo-heat-templates
848118,848119,openstack/tripleo-heat-templates,openstack/puppet-tripleo
846941,846942,openstack/puppet-tripleo,openstack/tripleo-ansible
845595,845482,openstack/tripleo-ansible,openstack/python-tripleoclient
848350,847959,openstack/tripleo-ansible,openstack/puppet-tripleo
848216,847959,openstack/tripleo-ansible,openstack/puppet-tripleo
847994,847984,openstack/tripleo-heat-templates,openstack/puppet-tripleo
841445,847002,openstack/tripleo-heat-templates,openstack/tripleo-quickstart-extras
847623,847189,openstack/cinderlib,openstack/cinder
826484,729766,openstack/devstack-plugin-ceph,openstack/cinder-tempest-plugin
834269,729766,openstack/devstack,openstack/cinder-tempest-plugin
834269,826484,openstack/devstack,openstack/devstack-plugin-ceph
846166,843787,openstack/tripleo-heat-templates,openstack/tripleo-ci
842273,843106,openstack/tripleo-quickstart-extras,openstack/ansible-collections-openstack
846188,846360,openstack/releases,openstack/openstack-zuul-jobs
842273,843105,openstack/tripleo-quickstart-extras,openstack/neutron-tempest-plugin
842273,843104,openstack/tripleo-quickstart-extras,openstack/heat-tempest-plugin
833213,848039,openstack/project-config,openstack/openstack-zuul-jobs
843769,843772,openstack/openstack-tempest-skiplist,openstack/tripleo-quickstart
847219,847389,openstack/manila,openstack/python-manilaclient
848002,848062,openstack/openstack-ansible,openstack/openstack-ansible-os_zun
847257,847329,openstack/tripleo-ansible,openstack/tripleo-heat-templates
847437,847329,openstack/tripleo-common,openstack/tripleo-heat-templates
847366,847399,openstack/manila-tempest-plugin,openstack/manila
847362,847363,openstack/openstack-ansible,openstack/openstack-ansible-os_zun
844463,848010,openstack/governance,openstack/openstack-manuals
846473,847653,openstack/openstack-ansible-haproxy_server,openstack/openstack-ansible-os_horizon
847668,847653,openstack/openstack-ansible,openstack/openstack-ansible-os_horizon
847550,847552,openstack/ironic,openstack/ironic-python-agent
847323,847357,openstack/tripleo-ansible,openstack/tripleo-heat-templates
845687,847660,openstack/tripleo-ansible,openstack/tripleo-heat-templates
845637,847660,openstack/tripleo-ansible,openstack/tripleo-heat-templates
847402,841801,openstack/tripleo-heat-templates,openstack/neutron
840433,838990,openstack/tripleo-quickstart-extras,openstack/tripleo-quickstart
847128,847129,openstack/openstack-zuul-jobs,openstack/project-config
845687,845638,openstack/tripleo-ansible,openstack/tripleo-heat-templates
845637,845638,openstack/tripleo-ansible,openstack/tripleo-heat-templates
742905,781758,openstack/devstack-plugin-nfs,openstack/cinder
846059,845755,openstack/puppet-tripleo,openstack/tripleo-heat-templates
844408,844409,openstack/openstack-zuul-jobs,openstack/neutron
831842,816178,openstack/tripleo-ci,openstack/tripleo-heat-templates
828902,845601,openstack/kolla-ansible,openstack/kolla
845854,845855,openstack/puppet-tripleo,openstack/tripleo-heat-templates
846473,844815,openstack/openstack-ansible-haproxy_server,openstack/openstack-ansible-os_horizon
846196,846389,openstack/releases,openstack/openstack-zuul-jobs
844490,844501,openstack/security-analysis,openstack/project-config
844500,844490,openstack/project-config,openstack/security-analysis
842976,844950,openstack/tripleo-ci,openstack/tripleo-heat-templates
847219,847355,openstack/manila,openstack/manila-tempest-plugin
837251,840386,openstack/diskimage-builder,openstack/tripleo-image-elements
845652,845854,openstack/puppet-cinder,openstack/puppet-tripleo
836350,836351,openstack/openstacksdk,openstack/ansible-collections-openstack
843856,843857,openstack/tripleo-quickstart-extras,openstack/tripleo-ansible
843841,843842,openstack/tripleo-quickstart-extras,openstack/tripleo-ansible
845586,845603,openstack/manila,openstack/manila-tempest-plugin
841911,842083,openstack/metalsmith,openstack/ironic
841414,841445,openstack/tripleo-ansible,openstack/tripleo-heat-templates
841107,841105,openstack/kuryr-tempest-plugin,openstack/kuryr-kubernetes
838610,838611,openstack/tripleo-puppet-elements,openstack/tripleo-common
845776,845782,openstack/openstacksdk,openstack/ansible-collections-openstack
821733,821734,openstack/openstacksdk,openstack/python-openstackclient
842546,844060,openstack/python-tripleoclient,openstack/tripleo-quickstart-extras
841445,842546,openstack/tripleo-heat-templates,openstack/python-tripleoclient
841414,843152,openstack/tripleo-ansible,openstack/tripleo-docs
845586,845589,openstack/manila,openstack/python-manilaclient
817552,817718,openstack/tripleo-quickstart-extras,openstack/tripleo-heat-templates
844361,846544,openstack/tripleo-repos,openstack/tripleo-ci
848291,846149,openstack/devstack,openstack/cinder
848269,846149,openstack/devstack,openstack/cinder
848290,846149,openstack/devstack,openstack/cinder
845805,846149,openstack/devstack,openstack/cinder
846347,846010,openstack/openstack-ansible-os_gnocchi,openstack/openstack-ansible-os_aodh
845690,846010,openstack/openstack-ansible-plugins,openstack/openstack-ansible-os_aodh
846145,845993,openstack/openstack-ansible,openstack/openstack-ansible-os_magnum
845690,845913,openstack/openstack-ansible-plugins,openstack/openstack-ansible-os_octavia
845690,846033,openstack/openstack-ansible-plugins,openstack/openstack-ansible-os_ironic
845690,846035,openstack/openstack-ansible-plugins,openstack/openstack-ansible-os_masakari
845994,846035,openstack/openstack-ansible,openstack/openstack-ansible-os_masakari
845894,846035,openstack/openstack-ansible,openstack/openstack-ansible-os_masakari
845859,846104,openstack/requirements,openstack/designate
846224,844021,openstack/openstack-ansible,openstack/openstack-ansible-os_ironic
846287,846159,openstack/tripleo-common,openstack/tripleo-quickstart-extras
845690,846030,openstack/openstack-ansible-plugins,openstack/openstack-ansible-os_gnocchi
846349,846347,openstack/openstack-ansible,openstack/openstack-ansible-os_gnocchi
845994,845798,openstack/openstack-ansible,openstack/openstack-ansible-os_masakari
845894,845798,openstack/openstack-ansible,openstack/openstack-ansible-os_masakari
844048,844049,openstack/openstack-ansible,openstack/openstack-ansible-os_mistral
846135,844049,openstack/openstack-ansible,openstack/openstack-ansible-os_mistral
846162,846147,openstack/openstack-ansible,openstack/openstack-ansible-os_murano
845690,846163,openstack/openstack-ansible-plugins,openstack/openstack-ansible-os_murano
845690,846037,openstack/openstack-ansible-plugins,openstack/openstack-ansible-os_magnum
846142,846037,openstack/openstack-ansible,openstack/openstack-ansible-os_magnum
846151,846153,openstack/openstack-ansible,openstack/openstack-ansible-os_magnum
845690,823005,openstack/openstack-ansible-plugins,openstack/openstack-ansible
823009,823005,openstack/openstack-ansible-os_glance,openstack/openstack-ansible
845717,823005,openstack/openstack-ansible-os_cinder,openstack/openstack-ansible
845708,823005,openstack/openstack-ansible-os_placement,openstack/openstack-ansible
848291,846209,openstack/devstack,openstack/nova
848269,846209,openstack/devstack,openstack/nova
848290,846209,openstack/devstack,openstack/nova
845805,846209,openstack/devstack,openstack/nova
845690,846046,openstack/openstack-ansible-plugins,openstack/openstack-ansible-os_zun
845690,846041,openstack/openstack-ansible-plugins,openstack/openstack-ansible-os_mistral
845690,846019,openstack/openstack-ansible-plugins,openstack/openstack-ansible-os_cloudkitty
845690,846044,openstack/openstack-ansible-plugins,openstack/openstack-ansible-os_sahara
845690,846051,openstack/openstack-ansible-plugins,openstack/openstack-ansible-os_swift
846194,846125,openstack/tripleo-quickstart,openstack/tripleo-quickstart-extras
845690,846040,openstack/openstack-ansible-plugins,openstack/openstack-ansible-os_manila
845690,845708,openstack/openstack-ansible-plugins,openstack/openstack-ansible-os_placement
841762,841713,openstack/tripleo-ci,openstack/validations-libs
842273,841713,openstack/tripleo-quickstart-extras,openstack/validations-libs
846120,846117,openstack/openstack-ansible-rabbitmq_server,openstack/openstack-ansible
845998,845917,openstack/openstack-ansible,openstack/openstack-ansible-os_manila
845690,845904,openstack/openstack-ansible-plugins,openstack/openstack-ansible-os_neutron
845903,845904,openstack/openstack-ansible-os_nova,openstack/openstack-ansible-os_neutron
845690,823009,openstack/openstack-ansible-plugins,openstack/openstack-ansible-os_glance
845987,845997,openstack/openstack-ansible-plugins,openstack/openstack-ansible
845690,846043,openstack/openstack-ansible-plugins,openstack/openstack-ansible-os_senlin
845690,846029,openstack/openstack-ansible-plugins,openstack/openstack-ansible-os_heat
845690,845903,openstack/openstack-ansible-plugins,openstack/openstack-ansible-os_nova
845690,846026,openstack/openstack-ansible-plugins,openstack/openstack-ansible-os_designate
845690,845717,openstack/openstack-ansible-plugins,openstack/openstack-ansible-os_cinder
845690,846015,openstack/openstack-ansible-plugins,openstack/openstack-ansible-os_blazar
845690,846050,openstack/openstack-ansible-plugins,openstack/openstack-ansible-os_tacker
845690,846013,openstack/openstack-ansible-plugins,openstack/openstack-ansible-os_barbican
845690,846049,openstack/openstack-ansible-plugins,openstack/openstack-ansible-os_trove
843346,823449,openstack/horizon,openstack/requirements
845715,845661,openstack/neutron,openstack/requirements
845171,845661,openstack/octavia,openstack/requirements
837742,837734,openstack/openstack-ansible,openstack/openstack-ansible-lxc_container_create
845189,845081,openstack/diskimage-builder,openstack/tripleo-ci
842380,842370,openstack/puppet-tripleo,openstack/tripleo-heat-templates
836202,832837,openstack/ansible-collections-openstack,openstack/openstack-ansible-plugins
794258,794774,openstack/requirements,openstack/horizon
738641,738450,openstack/neutron,openstack/neutron-dynamic-routing
839952,839954,openstack/neutron,openstack/neutron-tempest-plugin
839359,841435,openstack/devstack,openstack/neutron-tempest-plugin
839359,841413,openstack/devstack,openstack/neutron
844905,844904,openstack/kolla-ansible,openstack/kolla
845889,845890,openstack/tripleo-heat-templates,openstack/tripleo-ansible
843354,843305,openstack/devstack-plugin-ceph,openstack/cinder
843295,843305,openstack/devstack,openstack/cinder
845268,844366,openstack/requirements,openstack/neutron
831929,841321,openstack/horizon,openstack/designate-dashboard
845293,845294,openstack/taskflow,openstack/octavia
845018,841264,openstack/manila,openstack/manila-image-elements
839334,836141,openstack/devstack,openstack/neutron
839362,836141,openstack/devstack,openstack/neutron
839407,836141,openstack/grenade,openstack/neutron
844477,836141,openstack/devstack,openstack/neutron
845057,845018,openstack/manila-tempest-plugin,openstack/manila
845268,844364,openstack/requirements,openstack/neutron
843764,845275,openstack/aodh,openstack/python-aodhclient
843764,843776,openstack/aodh,openstack/python-aodhclient
844441,844442,openstack/puppet-tripleo,openstack/tripleo-heat-templates
843752,843417,openstack/kolla-ansible,openstack/kolla
844477,844779,openstack/devstack,openstack/neutron
843864,844588,openstack/tripleo-heat-templates,openstack/tripleo-ansible
820586,486156,openstack/openstack-ansible,openstack/openstack-ansible-os_neutron
838713,839068,openstack/ansible-role-pki,openstack/openstack-ansible-os_octavia
843711,839068,openstack/openstack-ansible,openstack/openstack-ansible-os_octavia
832771,525771,openstack/tempest,openstack/swift
841762,842048,openstack/tripleo-ci,openstack/validations-common
842273,842048,openstack/tripleo-quickstart-extras,openstack/validations-common
842973,844833,openstack/tripleo-ci,openstack/tripleo-heat-templates
834269,834223,openstack/devstack,openstack/devstack-plugin-ceph
840353,841716,openstack/openstack-ansible-openstack_hosts,openstack/ansible-hardening
830615,830618,openstack/requirements,openstack/horizon
839362,839407,openstack/devstack,openstack/grenade
844645,844646,openstack/openstack-chef,openstack/cookbook-openstackclient
838415,838416,openstack/openstack-chef,openstack/cookbook-openstackclient
842436,842438,openstack/tripleo-ansible,openstack/tripleo-heat-templates
840353,835733,openstack/openstack-ansible-openstack_hosts,openstack/ansible-hardening
821732,821423,openstack/tempest,openstack/nova
840771,840773,openstack/nova,openstack/placement
844342,844343,openstack/tempest,openstack/nova
843989,843252,openstack/neutron-tempest-plugin,openstack/neutron
843534,843535,openstack/project-config,openstack/governance
844077,844117,openstack/ironic,openstack/ironic-python-agent
840278,839483,openstack/openstack-ansible-os_horizon,openstack/openstack-ansible
840313,839483,openstack/openstack-ansible-os_rally,openstack/openstack-ansible
840518,839483,openstack/openstack-ansible-lxc_hosts,openstack/openstack-ansible
831929,841313,openstack/horizon,openstack/ironic-ui
839985,843113,openstack/ironic,openstack/ironic-python-agent
838051,843329,openstack/devstack,openstack/cyborg-tempest-plugin
843295,843710,openstack/devstack,openstack/designate
838053,843710,openstack/neutron-tempest-plugin,openstack/designate
843295,843296,openstack/devstack,openstack/octavia
843295,843306,openstack/devstack,openstack/octavia
843295,843302,openstack/devstack,openstack/manila
843295,843304,openstack/devstack,openstack/cinder-tempest-plugin
843295,843301,openstack/devstack,openstack/nova
838051,843301,openstack/devstack,openstack/nova
843295,843299,openstack/devstack,openstack/neutron-tempest-plugin
843295,843303,openstack/devstack,openstack/neutron
838053,843300,openstack/neutron-tempest-plugin,openstack/neutron
838053,838052,openstack/neutron-tempest-plugin,openstack/neutron
838051,843087,openstack/devstack,openstack/networking-bgpvpn
838051,843088,openstack/devstack,openstack/neutron
838051,843090,openstack/devstack,openstack/octavia
838051,843091,openstack/devstack,openstack/cinder-tempest-plugin
838051,843047,openstack/devstack,openstack/manila-tempest-plugin
838051,843086,openstack/devstack,openstack/manila
843329,843046,openstack/cyborg-tempest-plugin,openstack/nova
838051,843707,openstack/devstack,openstack/designate
843355,843092,openstack/devstack-plugin-ceph,openstack/cinder
843319,843092,openstack/cinder-tempest-plugin,openstack/cinder
838051,838053,openstack/devstack,openstack/neutron-tempest-plugin
843295,838053,openstack/devstack,openstack/neutron-tempest-plugin
843981,843982,openstack/charm-guide,openstack/charm-deployment-guide
843822,842125,openstack/ironic,openstack/ironic-python-agent
838051,843709,openstack/devstack,openstack/designate
843689,843709,openstack/devstack-gate,openstack/designate
844037,844053,openstack/openstack-ansible-galera_server,openstack/openstack-ansible
843182,843187,openstack/tempest,openstack/octavia
843182,843185,openstack/tempest,openstack/manila
843182,843186,openstack/tempest,openstack/neutron
838053,843186,openstack/neutron-tempest-plugin,openstack/neutron
843182,843188,openstack/tempest,openstack/nova
838051,843188,openstack/devstack,openstack/nova
843295,843188,openstack/devstack,openstack/nova
838051,843355,openstack/devstack,openstack/devstack-plugin-ceph
840765,840767,openstack/nova,openstack/placement
843045,838051,openstack/tempest,openstack/devstack
836191,839714,openstack/devstack,openstack/neutron
837303,839714,openstack/devstack,openstack/neutron
843713,843714,openstack/openstack-ansible,openstack/openstack-ansible-os_keystone
843740,843714,openstack/openstack-ansible,openstack/openstack-ansible-os_keystone
843931,843714,openstack/openstack-ansible-repo_server,openstack/openstack-ansible-os_keystone
842273,843807,openstack/tripleo-quickstart-extras,openstack/python-tripleoclient
843978,843969,openstack/openstacksdk,openstack/devstack
843740,843741,openstack/openstack-ansible,openstack/openstack-ansible-os_keystone
843570,843571,openstack/tripleo-quickstart,openstack/tripleo-heat-templates
843293,843295,openstack/tempest,openstack/devstack
843354,843295,openstack/devstack-plugin-ceph,openstack/devstack
843256,842578,openstack/neutron,openstack/networking-baremetal
843739,843740,openstack/openstack-ansible-os_keystone,openstack/openstack-ansible
823983,823417,openstack/openstack-ansible-galera_server,openstack/openstack-ansible
823985,823417,openstack/openstack-ansible-rabbitmq_server,openstack/openstack-ansible
841620,823417,openstack/openstack-ansible-plugins,openstack/openstack-ansible
841619,823417,openstack/openstack-ansible-repo_server,openstack/openstack-ansible
841862,823417,openstack/openstack-ansible-os_nova,openstack/openstack-ansible
842236,823417,openstack/openstack-ansible-lxc_hosts,openstack/openstack-ansible
842988,823417,openstack/openstack-ansible-openstack_hosts,openstack/openstack-ansible
843637,843638,openstack/kolla,openstack/kolla-ansible
841911,842085,openstack/metalsmith,openstack/ironic-python-agent
843027,843029,openstack/openstack-ansible,openstack/openstack-ansible-lxc_hosts
843418,843029,openstack/openstack-ansible-repo_server,openstack/openstack-ansible-lxc_hosts
843547,843029,openstack/openstack-ansible-galera_server,openstack/openstack-ansible-lxc_hosts
841653,843560,openstack/sushy-tools,openstack/ironic
343980,841015,openstack/manila,openstack/manila-tempest-plugin
843629,826379,openstack/openstack-ansible,openstack/openstack-ansible-os_aodh
828863,828705,openstack/tempest,openstack/devstack
843027,843030,openstack/openstack-ansible,openstack/openstack-ansible-lxc_container_create
843418,843030,openstack/openstack-ansible-repo_server,openstack/openstack-ansible-lxc_container_create
843547,843030,openstack/openstack-ansible-galera_server,openstack/openstack-ansible-lxc_container_create
843393,842674,openstack/openstack-ansible-os_rally,openstack/openstack-ansible
842999,843011,openstack/openstack-ansible-plugins,openstack/openstack-ansible
842571,837588,openstack/openstack-ansible,openstack/openstack-ansible-repo_server
843040,843041,openstack/murano-tempest-plugin,openstack/tempest
842758,840672,openstack/openstack-ansible-os_tempest,openstack/openstack-ansible-os_sahara
843257,842907,openstack/skyline-console,openstack/skyline-apiserver
843006,842991,openstack/devstack,openstack/requirements
842086,840353,openstack/openstack-ansible-lxc_hosts,openstack/openstack-ansible-openstack_hosts
843148,843149,openstack/devstack-gate,openstack/neutron
842219,842220,openstack/designate,openstack/designate-tempest-plugin
843175,842407,openstack/openstack-ansible-tests,openstack/openstack-ansible-ceph_client
842567,842571,openstack/openstack-ansible-repo_server,openstack/openstack-ansible
841482,841484,openstack/tripleo-ansible,openstack/python-tripleoclient
837998,841484,openstack/tripleo-ansible,openstack/python-tripleoclient
842254,842113,openstack/neutron-fwaas,openstack/neutron-tempest-plugin
842134,842113,openstack/tap-as-a-service,openstack/neutron-tempest-plugin
836903,836872,openstack/python-tripleoclient,openstack/tripleo-heat-templates
821388,777061,openstack/requirements,openstack/openstack-ansible
842368,842332,openstack/kolla,openstack/bifrost
842153,842102,openstack/openstack-ansible,openstack/openstack-ansible-os_neutron
840717,840718,openstack/nova,openstack/placement
831929,841319,openstack/horizon,openstack/heat-dashboard
831929,841317,openstack/horizon,openstack/vitrage-dashboard
842273,843110,openstack/tripleo-quickstart-extras,openstack/ansible-collections-openstack
836049,836051,openstack/tripleo-ansible,openstack/tripleo-heat-templates
842238,842219,openstack/designate-tempest-plugin,openstack/designate
842799,842800,openstack/grenade,openstack/nova
842799,842733,openstack/grenade,openstack/nova
839937,842079,openstack/octavia,openstack/puppet-octavia
841368,842595,openstack/openstack-zuul-jobs,openstack/glance
842843,842844,openstack/project-config,openstack/openstack-zuul-jobs
831929,841325,openstack/horizon,openstack/murano-dashboard
842646,842843,openstack/openstack-zuul-jobs,openstack/project-config
841664,842661,openstack/skyline-console,openstack/skyline-apiserver
842799,842732,openstack/grenade,openstack/nova
840724,824405,openstack/openstack-ansible-os_ceilometer,openstack/openstack-ansible-os_aodh
842672,842673,openstack/tripleo-common,openstack/tripleo-heat-templates
841086,841714,openstack/releases,openstack/openstack-zuul-jobs
842256,842258,openstack/skyline-apiserver,openstack/skyline-console
841664,841665,openstack/skyline-console,openstack/skyline-apiserver
831929,841318,openstack/horizon,openstack/zun-ui
831912,831929,openstack/openstack-zuul-jobs,openstack/horizon
838947,838934,openstack/devstack,openstack/nova
838947,842367,openstack/devstack,openstack/glance
837750,837589,openstack/ansible-role-systemd_mount,openstack/openstack-ansible
839411,837589,openstack/openstack-ansible-repo_server,openstack/openstack-ansible
837582,837589,openstack/openstack-ansible-plugins,openstack/openstack-ansible
840954,841219,openstack/kolla,openstack/kolla-ansible
838906,836644,openstack/tripleo-ansible,openstack/tripleo-heat-templates
831607,831921,openstack/tempest,openstack/glance
840112,842095,openstack/tempest,openstack/openstack-tempest-skiplist
841562,841563,openstack/ironic-python-agent-builder,openstack/ironic-python-agent
841553,841396,openstack/neutron-lib,openstack/neutron
841478,841434,openstack/ansible-collection-kolla,openstack/releases
790670,690038,openstack/tripleo-quickstart,openstack/tripleo-heat-templates
841549,690038,openstack/tripleo-common,openstack/tripleo-heat-templates
841550,690038,openstack/tripleo-common,openstack/tripleo-heat-templates
815783,815659,openstack/cinderlib,openstack/cinder
841489,841712,openstack/requirements,openstack/neutron
841949,841660,openstack/masakari-monitors,openstack/kolla-ansible
842310,841660,openstack/masakari-monitors,openstack/kolla-ansible
842313,841660,openstack/masakari-monitors,openstack/kolla-ansible
842311,841660,openstack/masakari-monitors,openstack/kolla-ansible
842312,841660,openstack/masakari-monitors,openstack/kolla-ansible
841628,841660,openstack/masakari-monitors,openstack/kolla-ansible
843637,841660,openstack/kolla,openstack/kolla-ansible
841657,841660,openstack/kolla,openstack/kolla-ansible
841656,841660,openstack/kolla,openstack/kolla-ansible
841458,841463,openstack/charm-guide,openstack/charm-deployment-guide
841381,841384,openstack/tripleo-quickstart-extras,openstack/ansible-collections-openstack
841354,841356,openstack/charm-guide,openstack/charm-deployment-guide
837845,839028,openstack/openstack-ansible,openstack/openstack-ansible-os_octavia
839518,841243,openstack/tripleo-ci,openstack/tripleo-common
839518,841242,openstack/tripleo-ci,openstack/tripleo-heat-templates
839518,840946,openstack/tripleo-ci,openstack/tripleo-common
839518,840945,openstack/tripleo-ci,openstack/tripleo-heat-templates
839518,841244,openstack/tripleo-ci,openstack/tripleo-heat-templates
839518,841245,openstack/tripleo-ci,openstack/tripleo-common
840322,840323,openstack/tripleo-heat-templates,openstack/puppet-tripleo
841381,841283,openstack/tripleo-quickstart-extras,openstack/ansible-collections-openstack
840575,840576,openstack/rally-openstack,openstack/glance
806246,840319,openstack/neutron,openstack/neutron-tempest-plugin
839862,840186,openstack/validations-common,openstack/tripleo-validations
839985,839955,openstack/ironic,openstack/ironic-lib
838863,839329,openstack/diskimage-builder,openstack/bifrost
839957,831259,openstack/puppet-tripleo,openstack/openstack-tempest-skiplist
841252,840763,openstack/tripleo-ansible,openstack/tripleo-heat-templates
840449,840763,openstack/tripleo-ansible,openstack/tripleo-heat-templates
823905,832201,openstack/designate-tempest-plugin,openstack/designate
839149,839152,openstack/tripleo-ci,openstack/tripleo-heat-templates
839149,839150,openstack/tripleo-ci,openstack/tripleo-heat-templates
839942,839868,openstack/validations-common,openstack/tripleo-validations
840777,840778,openstack/nova,openstack/placement
830670,831437,openstack/tempest,openstack/glance
839989,824399,openstack/openstack-ansible,openstack/openstack-ansible-os_cloudkitty
840460,840491,openstack/validations-common,openstack/python-tripleoclient
840438,840491,openstack/validations-libs,openstack/python-tripleoclient
840311,840491,openstack/tripleo-validations,openstack/python-tripleoclient
839989,827436,openstack/openstack-ansible,openstack/openstack-ansible-os_cloudkitty
839988,824325,openstack/openstack-ansible,openstack/openstack-ansible-os_mistral
841484,838003,openstack/python-tripleoclient,openstack/tripleo-docs
837999,838003,openstack/python-tripleoclient,openstack/tripleo-docs
840412,783747,openstack/openstack-ansible-os_nova,openstack/openstack-ansible-tests
840413,783747,openstack/openstack-ansible-os_keystone,openstack/openstack-ansible-tests
840445,840428,openstack/openstack-ansible-os_keystone,openstack/openstack-ansible-tests
840514,840428,openstack/openstack-ansible-os_keystone,openstack/openstack-ansible-tests
838870,840346,openstack/tripleo-ansible,openstack/python-tripleoclient
811518,811513,openstack/devstack,openstack/nova
811519,811540,openstack/devstack,openstack/nova
811457,811491,openstack/devstack,openstack/nova
811511,811457,openstack/grenade,openstack/devstack
811542,811519,openstack/grenade,openstack/devstack
811512,811518,openstack/grenade,openstack/devstack
839988,835714,openstack/openstack-ansible,openstack/openstack-ansible-os_mistral
838870,835511,openstack/tripleo-ansible,openstack/python-tripleoclient
841482,837999,openstack/tripleo-ansible,openstack/python-tripleoclient
837998,837999,openstack/tripleo-ansible,openstack/python-tripleoclient
503026,503028,openstack/openstack-ansible-lxc_hosts,openstack/openstack-ansible
837430,837431,openstack/tripleo-image-elements,openstack/tripleo-common
837251,837430,openstack/diskimage-builder,openstack/tripleo-image-elements
840175,827653,openstack/kolla-ansible,openstack/kayobe
840174,827653,openstack/kolla-ansible,openstack/kayobe
840176,827653,openstack/kolla-ansible,openstack/kayobe
817076,827653,openstack/kolla-ansible,openstack/kayobe
839989,835703,openstack/openstack-ansible,openstack/openstack-ansible-os_cloudkitty
839498,839500,openstack/tripleo-heat-templates,openstack/tripleo-common
837769,839498,openstack/python-tripleoclient,openstack/tripleo-heat-templates
866686,866126,openstack/openstack-ansible-os_glance,openstack/openstack-ansible
866694,866126,openstack/openstack-ansible-os_cinder,openstack/openstack-ansible
866684,866126,openstack/openstack-ansible-os_keystone,openstack/openstack-ansible
866697,866126,openstack/openstack-ansible-os_nova,openstack/openstack-ansible
863581,851099,openstack/requirements,openstack/swift
866898,866058,openstack/openstack-ansible,openstack/openstack-ansible-os_octavia
866335,866058,openstack/openstack-ansible,openstack/openstack-ansible-os_octavia
853589,853503,openstack/tripleo-upgrade,openstack/tripleo-quickstart
866059,866058,openstack/openstack-ansible-plugins,openstack/openstack-ansible-os_octavia
864946,860795,openstack/swift,openstack/devstack
858606,858554,openstack/diskimage-builder,openstack/project-config
858018,857031,openstack/neutron,openstack/neutron-tempest-plugin
839715,836664,openstack/kolla-ansible,openstack/kolla
852935,852769,openstack/requirements,openstack/aodh
851839,851838,openstack/kayobe,openstack/kolla-ansible
846393,846391,openstack/ansible-collections-openstack,openstack/ansible-config_template
849229,847272,openstack/openstack-ansible-os_rally,openstack/openstack-ansible
848718,847272,openstack/openstack-ansible-os_rally,openstack/openstack-ansible
847659,846391,openstack/ansible-collections-openstack,openstack/ansible-config_template
844501,844463,openstack/project-config,openstack/governance
846124,845798,openstack/openstack-ansible,openstack/openstack-ansible-os_masakari
